id,created_at,text
296335940614508544,2013-01-29 19:16:08,Ä°lk Ä°dmandan Karaler... http://t.co/wmh6XTzz

557193939158302720,2015-01-19 15:12:41,"RT @OnedioSpor: UÄŸur Meleke, SÃ¼per Lig'deki teknik direktÃ¶rlerin ilk devre performanslarÄ±nÄ± deÄŸerlendi http://t.co/wZQxq7o1Z1 http://t.co/sâ€¦"
552064506193801216,2015-01-05 11:30:09,"RT @ceyhunyilmaz: Bu da benim yeteneÄŸim.
Olmasan da severim seniâ€¦
Hatta ayrÄ±lÄ±rÄ±m senden,
haberin olmaz."
552062420810989568,2015-01-05 11:21:52,"RT @taylan_dan: En son ne zaman bÃ¶yle oldum ben
Ne zaman herÅŸeyden vazgeÃ§miÅŸtim
Ne yapmam gerekiyor
Ä°Ã§im labirent 
Ã‡Ä±kÄ±ÅŸÄ± bulamÄ±yorum"
548469410227552256,2014-12-26 13:24:32,"RT @ceyhunyilmaz: Ã–len gider 
Kalan Ã¶lÃ¼r"
547011873250750464,2014-12-22 12:52:48,RT @artunakcakin: http://t.co/ofu31d0A41
423804178079576064,2014-01-16 13:09:24,http://t.co/2CBbsSPAOT
422025768185909248,2014-01-11 15:22:38,RT @zekiayvazcom: http://t.co/IjzJmw57Y0
422025494633402368,2014-01-11 15:21:33,RT @emreguralcom: http://t.co/umVvytxvRz http://t.co/ZA2eBBySUb
422025114864328704,2014-01-11 15:20:02,RT @yasinoztekincom: http://t.co/NPyGKOBR3Z http://t.co/8RJqCocjAE
422025051949760513,2014-01-11 15:19:47,RT @zekiayvazcom: https://t.co/XVeoIFRRH4
422024733056442369,2014-01-11 15:18:31,http://t.co/H3PcqXEcDp
422024278251302912,2014-01-11 15:16:43,http://t.co/cvIYmK3LAX
416908937225461760,2013-12-28 12:30:11,http://t.co/uA0NGMjIJa
416908415265300480,2013-12-28 12:28:06,http://t.co/X8LamjeKLw

670325520001859585,2015-11-27 19:37:12,RT @HavurDogan: Bursaspor maÃ§Ä± sonrasÄ± soyunma odamÄ±z Ã‡ok Ã¶zlemiÅŸiz bu coÅŸtuku Bundan sonrada bu gÃ¶rÃ¼ntÃ¼leri hep yaÅŸarÄ±z https://t.co/rgejvâ€¦
644469385571225601,2015-09-17 11:14:09,"RT @HergunYeniBilg: ""Beyinlerimiz savaÅŸsÄ±n isterdim, ama gÃ¶rÃ¼yorum ki silahsÄ±zsÄ±nÄ±z bayÄ±m."" 

Franz Kafka http://t.co/fghqezalwn"
641745563730489344,2015-09-09 22:50:40,RT @CengizHrtgl: Bir adam aynÄ± anda hem HDP'li hem MHP'li olabilirmi.Insanlari birbirine kÄ±rdÄ±rmak icin ne kadar aldÄ±n aÅŸaÄŸÄ±lÄ±k ajan http:/â€¦
641346115044970496,2015-09-08 20:23:24,RT @KayserisporTV: An itibariyle Kayseri Åehir MeydanÄ± terÃ¶re tepki gÃ¶steriyor. http://t.co/58DCzgRXfL
641333835137974274,2015-09-08 19:34:36,RT @Tribun1967com: SON DAKÄ°KA - HDP genel merkezi ateÅŸe verildi. Bina cayÄ±r cayÄ±r yanÄ±yor.
641299385893130240,2015-09-08 17:17:43,RT @Whatss_App: :(( http://t.co/5Y6Q9cwGCg
641236581920149505,2015-09-08 13:08:09,"RT @haber_61: Ã–nce dÃ¶vdÃ¼ler sonra da AtatÃ¼rk bÃ¼stÃ¼ Ã¶ptÃ¼rdÃ¼ler
Facebook'ta bunu yazÄ±nca...
http://t.co/xBffcHYDau http://t.co/a1np1c7Lg1"
641230636901122048,2015-09-08 12:44:31,RT @burakofly: Gal silah bÄ±rakma diyorlar.. Lan silahÄ± bugÃ¼n bÄ±rakÄ±r yarÄ±n alÄ±r! Son pkklÄ± kalana kadar Ã¶lÃ¼m!
641184191766528000,2015-09-08 09:39:58,ASKERlerimizi o kadar hava destekli imkÃ¢nla taÅŸÄ±mak varken neden hep karayolu...
641179341968285696,2015-09-08 09:20:42,RT @footbalista_: Ã–NEMLÄ°!!IÄŸdÄ±r'da yaralÄ± polislerimiz iÃ§in acil kana ihtiyaÃ§ vardÄ±r. LÃ¼tfen en yakÄ±n hastane ya da saÄŸlÄ±k birimine giderekâ€¦
641123522270642177,2015-09-08 05:38:53,"RT @HergunYeniBilg: DaÄŸlÄ±ca'da Åehit Olan 16 Askerimiz

Allah ailelerine sabÄ±r versin. http://t.co/zjWU8UnZZV"
640963636446527488,2015-09-07 19:03:34,"RT @Trabzonsporuz: Ey, bu topraklar iÃ§in topraÄŸa dÃ¼ÅŸmÃ¼ÅŸ, asker!
GÃ¶kten ecdad inerek Ã¶pse o pak alnÄ± deÄŸer.
Ne bÃ¼yÃ¼ksÃ¼n ki, kanÄ±n kurtarÄ±yorâ€¦"
640931824492003328,2015-09-07 16:57:09,"RT @tsgazetesi: YÃ¼ce Allah, ÅŸu sÄ±ralar bÃ¶lÃ¼cÃ¼ terÃ¶r Ã¶rgÃ¼tÃ¼ne mensup kÃ¶pek soylarÄ±yla mÃ¼cadele eden tÃ¼m askerlerimize yardÄ±m etsin."
640926159786672128,2015-09-07 16:34:38,"RT @gkhndinc: 16 askerimize Allah'tan rahmet, ailelerine sabÄ±r diliyorum. 6 yaralÄ± askerimize de acil ÅŸifalar. Kelimelerin kifayetsiz kaldÄ±â€¦"
640875511435165696,2015-09-07 13:13:23,RT @emn61: HiÃ§ mi milliyetÃ§ilik yok sizde !! KÃ¶klerini kazÄ±sanÄ±za ÅŸu orospu Ã§ocuklarÄ±nÄ±n !!!
640875060903997440,2015-09-07 13:11:36,RT @hasantuncel61: Trabzon Meydan'dan mesaj var... http://t.co/kRvIE5aMd3
640837961093877760,2015-09-07 10:44:10,"RT @sporx: Cenk Tosun: ""Her ÅŸeyi affedin ama, vatanÄ±nÄ±za ihanet edeni asla affetmeyin!!! #ÅŸehitlerÃ¶lmezvatanbÃ¶lÃ¼nmez #baÅŸÄ±mÄ±z saÄŸolsun"""
640837882261950464,2015-09-07 10:43:51,RT @SRCNKY7: KansÄ±z itler ğŸ˜¡ ne ilk hainler sizsiniz ne de son olacaksÄ±nÄ±z ama hic bir ihanet karsÄ±lÄ±ksÄ±z kalmaz !!! Ã–leceksiniz !! http://tâ€¦
640837782567563264,2015-09-07 10:43:28,RT @Divaneyiz: Hdp'ye oy verenlerin daÄŸdaki it sÃ¼rÃ¼lerinden hiÃ§ bir farkÄ± yoktur. Åehitlerimiz bu kiÅŸilerden Ã¶teki tarafta hesap soracaktÄ±r.
640837527935578113,2015-09-07 10:42:27,RT @sporx: Necati AteÅŸ. http://t.co/a46uChDVOd
590215714012790784,2015-04-20 18:09:26,"RT @TS_Efsanesi: 1977-2005 DÃ¼nya 2.si-2003 DÃ¼nya Åampiyonu Trabzon Lisesi
2015 DÃ¼nya Åampiyonu ErdoÄŸdu Lisesi
''EFSANE ÅEHÄ°R TRABZON'' httpâ€¦"
578161577393795072,2015-03-18 11:50:36,Ã‡ANAKKALE GEÃ‡Ä°LMEZZZ !!!!!!!!
571069203521937408,2015-02-26 22:08:02,Twitter: Ä°nsanlarÄ±n boÅŸ konuÅŸma yeri...
558336372990566400,2015-01-22 18:52:19,http://t.co/QI8myZyewN
536306977211953153,2014-11-22 23:55:22,"RT @Trabzonspor_SK: GÃ¼zel gÃ¼nler yakÄ±n !

MeÅŸaleleri yakÄ±n ! http://t.co/JDh7gaIoQs"
536244796797747200,2014-11-22 19:48:17,Bu taraftar herÅŸeyin en iyisine layÄ±k ... http://t.co/Ue6cATKmRf
536243676222353408,2014-11-22 19:43:49,"RT @SporGram: Trabzonsporlu futbolcular, galibiyet sevincini soyunma odasÄ±nda kolbastÄ±yla kutluyor. http://t.co/wP1NTTQ792"
536241339751731200,2014-11-22 19:34:32,Bize her yer TRABZONNN...
524913156695801856,2014-10-22 13:20:23,"RT @Divaneyiz: KADÄ°R Ã–ZCAN ANILDI

-VÄ°DEO http://t.co/Gqw5qvtkQE

#Efsane #KadirÃ–zcan #KadirÃ–zcanÃ–lÃ¼msÃ¼zdÃ¼r http://t.co/UnHjwCi1OQ"
524552141189689344,2014-10-21 13:25:50,"RT @Divaneyiz: MAÃ‡ Ã–YKÃœSÃœ

TakÄ±mÄ±mÄ±zÄ±n, 3-1 maÄŸlup ettiÄŸi Mersin Ä°dmanyurdu maÃ§Ä±nÄ±n Ã¶ykÃ¼sÃ¼...

-VÄ°DEO http://t.co/3fubOriuQE

#Trabzonspor"
524089211050541056,2014-10-20 06:46:19,"Arayan , mesaj atan geÃ§miÅŸ olsun dileklerini ileten herkese Ã§ok teÅŸekkÃ¼rler. .."
518035860584153088,2014-10-03 13:52:28,"En kÄ±sa zamanda aramÄ±zda olman dilegiyle, geÃ§miÅŸ olsun bÃ¼yÃ¼k kaptan... http://t.co/8v0NQ39KE6"
517930187858919424,2014-10-03 06:52:34,RT @ctugrulturgut: Emine abladan (AkbaÅŸ) selam var abi. Bize Ä°ÃœDHF Cerrahi de Trabzon =))  @akbasmustafaa
513775948962230272,2014-09-21 19:45:06,"RT @ezgi_1967: Biz buyuz ;)
#Trabzonspor 
#1461 http://t.co/nQ962um1yY"
513425506063368193,2014-09-20 20:32:34,"RT @Trabzonspor_SK: BaÅŸkanÄ±mÄ±z Ä°brahim HacÄ±osmanoÄŸlu, teknik heyetimiz ve futbolcularÄ±mÄ±za Ä°stanbul boÄŸazÄ±nda yat gezisi dÃ¼zenledi. http://â€¦"
513425483921625088,2014-09-20 20:32:29,RT @Trabzonspor_SK: FOTO - Kaptan ve TayfasÄ± http://t.co/NRmBnAFmKP
513225106018295808,2014-09-20 07:16:15,Ä°stanbul...
512990150868369408,2014-09-19 15:42:37,Gercek instagram hesabim #mustafaakbas14 budur.. Diger Hesaplar Benim Degildir..
512885891975872512,2014-09-19 08:48:20,14  61... http://t.co/0xYNCROl19
512484325993226240,2014-09-18 06:12:39,Avrupa da zafer gÃ¼nÃ¼ bÃ¼tÃ¼n takÄ±ma baÅŸarÄ±lar vurdugumuz gol olsun... http://t.co/08UUgO6FCC
512254153713012736,2014-09-17 14:58:02,@MertK52 uefa listesinde yokum kardeÅŸim
509783490620297216,2014-09-10 19:20:30,TÃ¼rkiye'nin en iyi kalecisi ONURRECEPKIVRAK... http://t.co/HG7pNAxQxo
505608020576182272,2014-08-30 06:48:40,30 AÄŸustos Zafer BayramÄ± kutlu olsun...
504715740188925952,2014-08-27 19:43:04,Rusya... http://t.co/ltj70BGkes
502929722863808512,2014-08-22 21:26:04,@BarisMemis ...kardeÅŸim hayÄ±rlÄ± olsun... http://t.co/sR8kRxri3c
502511637073760256,2014-08-21 17:44:45,Galibiyet iÃ§in... http://t.co/T9T3979NWR
502339660497301504,2014-08-21 06:21:22,BugÃ¼n zafer gÃ¼nÃ¼... http://t.co/fFdlfNDIWw
495501831154720768,2014-08-02 09:30:17,Trabzonsporumuz 47 yaÅŸÄ±nda. .. http://t.co/IGamxKIGrT
493655258925891584,2014-07-28 07:12:40,TÃ¼m islam aleminin ramazan bayramÄ± mÃ¼barek olsun...
489827095695343616,2014-07-17 17:40:54,"RT @TrabzonAjanscom: 2011 YÄ±lÄ±nda hayatÄ±nÄ± kaybeden genÃ§ Trabzonsporlu Habib Åen anÄ±ldÄ±!

http://t.co/mPELmMhxea http://t.co/aZkxwbUe4Z"
488433358767407104,2014-07-13 21:22:42,Hakem kartlarÄ± soyunma odasÄ±nda unutmuÅŸ:))))
487562653867724801,2014-07-11 11:42:49,RT @emn61: Luis Suarez Barcelonaya gitmiÅŸ.Ronaldo'nunda tadÄ±na bakacak heralde...
484663091381407744,2014-07-03 11:41:00,2010-2011 sezonu lig ÅŸampiyonu TRABZONSPOR...
484372962452467712,2014-07-02 16:28:08,Hersey icin teÅŸekkÃ¼rler Miguel Peiro...
482470739799707648,2014-06-27 10:29:22,HayÄ±rlÄ± cumalar...
482216316049584129,2014-06-26 17:38:23,Ronaldoooooo:)
468379655222067200,2014-05-19 13:16:26,"BÃ¼tÃ¼n tÃ¼rkiyenin baÅŸÄ± saÄŸolsun , soma http://t.co/iaz77tRJ2s"
445235268862636032,2014-03-16 16:28:54,"Bizi yalnÄ±z bÄ±rakmayan ve herzaman destekleyen Trabzonspor un bÃ¼yÃ¼k taraftarÄ±na teÅŸekkÃ¼rler, iyiki varsÄ±nÄ±z. .."
441211304313753600,2014-03-05 13:59:06,Ts clup tanÄ±tÄ±m Ã§ekimlerinden... http://t.co/qgbr04c06Y
429654107381854208,2014-02-01 16:34:56,Her geÃ§en gÃ¼n gÃ¼cÃ¼mÃ¼zÃ¼ arttÄ±ryoruz http://t.co/SSuHlLF5pv
428429620988616704,2014-01-29 07:29:16,RT @narvent: Trabzonspor'a 1461'den yeni katÄ±lan oyuncumuzun resmi Twitter adresi 61ledi :)) @akbasmustafaa http://t.co/9SSK62XjQe
428426394709008384,2014-01-29 07:16:26,"Mustafa AkÃ§ay hocamÄ±n anne acÄ±sÄ±nÄ± paylaÅŸÄ±yor , baÅŸsaÄŸlÄ±ÄŸÄ± diliyorum. ..."
427402412299919361,2014-01-26 11:27:30,Elveda oflu Ali .. http://t.co/c0hVfWAonh
427052218345619456,2014-01-25 12:15:57,BugÃ¼n gÃ¼nlerden trabzonspor. ..
426737191424098304,2014-01-24 15:24:09,Ä°dmana hazÄ±rlÄ±k ...
426648458238652416,2014-01-24 09:31:33,Trabzon da Ã§ok gÃ¼zel bir hava var yine...

677467701963587585,2015-12-17 12:37:41,RT @lequipe: Eto'o coach d'Antalyaspor jusqu'Ã  la trÃªve hivernale https://t.co/Z4O3ycf94n https://t.co/Fks2XY5Izp
674965056652734464,2015-12-10 14:53:04,https://t.co/BNKtjsUiRP
673227603659108353,2015-12-05 19:49:03,RT @Flou22mendy: Good game my bro @sambsow ton vieux te regarde loool #KAYSERÄ°SPOR #Besiktas #sowsamba https://t.co/6TycvcWqlz
673162651304873984,2015-12-05 15:30:57,RT @BLGHNKaanAyan: @sambsow Samba Sow! Attack for us! https://t.co/pqkn76THXQ
671702040704368644,2015-12-01 14:47:00,TÃ¼rkiye'ye hoÅŸgeldiniz ğŸ‘ğŸ¿ğŸ‘ğŸ¿@Flou22mendy  https://t.co/lrzoEsiyZb
671084709380816896,2015-11-29 21:53:57,"RT @YvanDzierzynski: Le meilleur monÃ©gasque, Ã§a reste Jardim. #OMASM"
670977766528040960,2015-11-29 14:49:00,RT @91_yacou: @sambsow merci sodat on nest ensemble
670973527177211904,2015-11-29 14:32:09,@91_yacou joyeux anniversaire Yacou la montagne ğŸ˜€ğŸ˜€
670334653245595649,2015-11-27 20:13:30,"RT @KayserisporFK: MAÃ‡ SONUCU | Bursaspor 1 - 2 Kayserispor'umuz

Gollerimiz; Derley Dk; 19, Zeki Yavru Dk; 50"
670334612145573888,2015-11-27 20:13:20,RT @KayserisporFK: #Kayserispor'umuz galibiyeti taraftarlarÄ±mÄ±zla kutladÄ±. https://t.co/994LrZQpye
670334593631952896,2015-11-27 20:13:15,RT @KayserisporFK: Bursaspor - Kayserispor STSL 13.Hafta MaÃ§Ä± Kadromuz: https://t.co/jOMZh9qKz9
667737054634225664,2015-11-20 16:11:34,RT @mahamadoudiarr1: TrÃ¨s triste de voir tout Ã§a. Qu'Allah veille sur mon pays ğŸ‡²ğŸ‡±. Ã‰norme pensÃ©e pour le Mali et les otages. #PrayForMali
665869236678565889,2015-11-15 12:29:31,"RT @Pishnette: Qualif. #FIFA WC #Russie2018 #Botswana -#Mali 2-1 but Gadibolae 14', Mogorosi 23' #Botswana et @sambsow 56' #Mali https://t.â€¦"
664488837679341569,2015-11-11 17:04:19,"RT @RappelduJour: Le ProphÃ¨te ï·º a dit:
Â«Que celui qui a beaucoup de soucis multiplie la parole ""la hawl wa la qouwata ila biLah""Â»
[As-Silsiâ€¦"
663730697929154560,2015-11-09 14:51:44,@DiddyC123 @issiakasidibe5 @warabamasa pico ne dis rien fais confiance Ã  ton petit frÃ¨re seulement
663690048051785728,2015-11-09 12:10:12,@DiddyC123 @warabamasa @issiakasidibe5 daddy j'arrive !
663689524132859904,2015-11-09 12:08:07,"RT @DiddyC123: @sambsow le ""Dieu du jeu"" est lÃ  et tu vas encore souffrir...@warabamasa @issiakasidibe5 le petit ne sait pas comment on estâ€¦"
663430973078560768,2015-11-08 19:00:44,"Bonne chance aux aiglonnets tout le Mali est derriÃ¨re vous.
#MaliPuissanci @malifootball https://t.co/nzRMqf3Jpk"
663097514233618432,2015-11-07 20:55:41,RT @warabamasa: @sambsow @issiakasidibe5 Sisi mon partenaire Daddy est prÃªt pour le combat..
663096953383870465,2015-11-07 20:53:28,RT @warabamasa: @sambsow @issiakasidibe5 Mdrrrrr  si tu perds je vais t'afficher hein!! Le Bunker 2.0 est imprenable maintenant.
663096719836618752,2015-11-07 20:52:32,@warabamasa @issiakasidibe5 j'ai foi A les compÃ©tences tu peux mÃªme prÃ©venir daddy ğŸ’ªğŸ¿ğŸ’ªğŸ¿ğŸ’ªğŸ¿ğŸ‘ˆğŸ¿
663095390653292544,2015-11-07 20:47:15,@issiakasidibe5 @warabamasa bientÃ´t je serais lÃ  oui mais je refuse de jouer si ton niveau est toujours bas ğŸ˜‚
663094120810979328,2015-11-07 20:42:12,@warabamasa @issiakasidibe5  moi j'espÃ¨re juste que Bahama s'entraÃ®ne Ã  fifa 2016 pour rivaliser avec moi
663093670741196800,2015-11-07 20:40:25,RT @warabamasa: @issiakasidibe5 @sambsow @setoo9 ah d'accord.
663093661857652736,2015-11-07 20:40:23,RT @warabamasa: @issiakasidibe5 @sambsow @setoo9 J'espÃ¨re qu'ils ont gagnÃ©s hein... FÃ©licitations au jeune frere.
663093652131024897,2015-11-07 20:40:21,RT @issiakasidibe5: FÃ©licitation a @sambsow pour son premier but de cette saison contre l'Ã©quipe de @setoo9. Bonne chance pour le reste @waâ€¦
663005062814408704,2015-11-07 14:48:19,Big up a  @setoo9  grÃ¢ce Ã  lui on Ã©coute du Koffi olomide a l'Ã©chauffement avant le match #Antalyaspor vs #Kayserispor
662995141834227717,2015-11-07 14:08:54,"RT @KayserisporFK: MaÃ§ Sonucu | 
Antalyaspor 1 - 1 #Kayserispor'umuz 
GolÃ¼mÃ¼z: @sambsow"
662995121181433856,2015-11-07 14:08:49,RT @BLGHNKaanAyan: @sambsow Ã§oÅŸtu be 2. gol geliyor :)
662995077057421313,2015-11-07 14:08:38,"RT @KayserisporFK: Antalyaspor 1-1 #Kayserispor'umuz 
GolÃ¼mÃ¼z 65. dakika da @sambsow dan geldi. AslanÄ±m Samba..."
662878237136199680,2015-11-07 06:24:22,RT @KayserisporFK: GÃ¼naydÄ±n Kayserispor Ailesi. STSL 2015-2016 Sezonu 11.Hafta maÃ§Ä±nda rakibimiz Antalyaspor #BugÃ¼nGÃ¼nlerdenKayserispor httâ€¦
662266557364617216,2015-11-05 13:53:46,RT @Malijetactu: Mondial U17 : Le coach du Mali Ba Â« Nous visons le trophÃ©e Â» #Mali https://t.co/lICRpVur6f via @Malijetactu https://t.co/pâ€¦
661593516515205121,2015-11-03 17:19:20,"RT @Pishnette: Les 23 Aigles du #Mali contre le #Botswana Q.WC #Russia2018
1/2
M :@NdiayeMamoutou @91_yacou @TongoDoumbia @sambsow https://â€¦"
660046038502400000,2015-10-30 10:50:13,RT @Moh_Paredes: Les darons turcs blaguent pas ptn http://t.co/5ZaIdpVoxB
659737991955529728,2015-10-29 14:26:09,Bonne chance a mes petits frÃ¨res ğŸ’šğŸ’›â¤ï¸ https://t.co/tcyVTViwZi
658769678261710849,2015-10-26 22:18:25,"RT @KayserisporFK: ANTRENMAN GÃœNLÃœÄÃœ | 22.10.2015
YarÄ±n oynayacaÄŸÄ±mÄ±z EskiÅŸehirspor maÃ§Ä± hazÄ±rlÄ±klarÄ± sabah antrenmanÄ± ile tamamlandÄ±. httpâ€¦"
658164897025495040,2015-10-25 06:15:14,"RT @rclensofficiel: Bon anniversaire Ã  Vincent #Lannoy, prÃ©parateur physique ! (40 ans) #rclens https://t.co/acaGoGn3FO"
656032695215067136,2015-10-19 09:02:37,RT @premierleague: Sissoko became the 1st @NUFC player to register 3 assists in a #BPL match since Andy Cole in March 1994 http://t.co/aXRFâ€¦
653623559206604804,2015-10-12 17:29:34,RT @thiam_brahim: Ã‰norme pensÃ©e et courage Ã  notre petit frÃ¨re malien @NossTraore qui s'est fracturÃ© la cheville @foussenidiawara @hamari27â€¦
652598983290974208,2015-10-09 21:38:16,RT @sakobakary26: Happy with the victory 4-1 and buzzin to get 2 goals and 2 assists ğŸ˜ / trÃ¨s belle victoire des aigles ce soir #223 #mali â€¦
652586703945908224,2015-10-09 20:49:29,RT @foussenidiawara: Le score est de 4-1 #mali Burkina faso
652586648899874817,2015-10-09 20:49:16,RT @foussenidiawara: 60 mins de jeu les joueurs ont un Ã©tat d'esprit remarquable ! #mali
649647047499452416,2015-10-01 18:08:20,RT @Mokobe113: Tellement content pour mon frÃ¨rot Lassana Diarra de retour en Ã©quipe de France il le mÃ©rite comme jamais http://t.co/DVUawsDâ€¦
648604006227550208,2015-09-28 21:03:40,"RT @Clem_Baude: .@alexcoeff : ""Iniesta m'a demandÃ© mon maillot"" --&gt; https://t.co/qEqRvZw2Gh un sujet aux petits oignons par @Margot_Dumont â€¦"
648143442300825600,2015-09-27 14:33:33,RT @Flou22mendy: Game day #KTP @hjkhelsinki come one Guys ğŸ”µâšªï¸ğŸ”µ http://t.co/WWRNDtjogT
647034856464121856,2015-09-24 13:08:25,RT @Flou22mendy: @sambsow bonne fÃªte Ã  toi aussi basamdu77
646954960639401985,2015-09-24 07:50:57,Bonne fÃªte de l'AÃ¯d Ã  tous les Musulmans âœ¨âœ¨âœ¨ Eid Mubarak to all the Muslims ğŸğŸ‘ğŸğŸ‘
645265051901816832,2015-09-19 15:55:51,RT @WashMontana94: #RT si ta compris mdrr http://t.co/eh9nLLBW7R
644603530578427904,2015-09-17 20:07:12,RT @MaryPatrux: INCROYABLE  http://t.co/n9hdP4zzkR
640467444847521792,2015-09-06 10:11:52,RT @CFDiarra: DerniÃ¨re jour d'entraÃ®nement avant  match contre le BÃ©nin Ã©liminatoires de la CAN 2017 âš½ï¸ğŸ™ğŸ»ğŸ™ğŸ»ğŸ™ğŸ»ğŸ™ğŸ»ğŸ™ğŸ» http://t.co/fYzKwIMBfD
639414768663707648,2015-09-03 12:28:55,"RT @NossTraore: En route pour Cotonou avec la sÃ©lection âœˆâš½â€¦ğŸ™
#AiglesDuMali #CAN2017 #BENMLI http://t.co/QEHNvjXLRH"
638322992993435648,2015-08-31 12:10:35,@zakaryabergdich @pierreDUCASSE8 @HazardThorgan8 @Geo_Kondogbia mdr c'est bien tu as pris l'exemple sur luiğŸ˜‚ğŸ˜‚ğŸ˜‚ğŸ˜‚
638321551679598592,2015-08-31 12:04:52,J'adore ta chemise @zakaryabergdich @pierreDUCASSE8 @HazardThorgan8 @Geo_Kondogbia  https://t.co/r3ln30lhqB
637848702498009088,2015-08-30 04:45:55,"RT @EspritProvocant: Je vous jure, 2 jours j'essaie d'arrÃªter de regarder le Vine de Le Pen, mais il faut vraiment que je le partage!
httpsâ€¦"
636626507243343872,2015-08-26 19:49:21,RT @BeyondScaredVid: The real reason for racism ğŸ˜‚ğŸ˜‚ğŸ˜‚ https://t.co/SarKv5kEg4
630036794210418689,2015-08-08 15:24:11,MAGNIFIQUE ... https://t.co/BtveDee7SZ
629911538556604416,2015-08-08 07:06:28,RT @BenjaminRamaget: Si @Serge_aurier confirme sa montÃ©e en puissance #VanderWiel va avoir le temps de se tatouer jusqu'aux orteils #LOSCPSG
629019519726411776,2015-08-05 20:01:54,RT @sakobakary26: Delighted and happy to join @cpfc for the next 3years ğŸ˜â¤ï¸âš½ï¸  content et heureux d'avoir rejoinsâ€¦ https://t.co/PIISd89MAA
625667666087440384,2015-07-27 14:02:50,"RT @malifootball: Page noire: dÃ©cÃ¨s de Mr Hamamdoun Kolado CissÃ©, ancien prÃ©sident de la Femafoot http://t.co/BF5dVydkmO via @malifootball"
625408083817328641,2015-07-26 20:51:21,RT @Pishnette: Amical : KAYSERÄ°SPOR vs FC ZUGDIDI (GÃ©orgie) 1 - 0 http://t.co/wq2wry8r7E @KayserisporFK (Turquie) de @sambsow et de Larrys â€¦
625320173130661889,2015-07-26 15:02:01,"RT @rclensofficiel: Patrick Lorandi, chauffeur de bus au #rclens depuis 17 ans nous a quittÃ©s. Tout notre soutien Ã  sa famille ! http://t.câ€¦"
624553676980527104,2015-07-24 12:16:14,RT @ahlilou: @zakaryabergdich felicitation pour ton new club poto! England tu va kiffÃ© . Par contre l anglais j ai peur pr toi .. Lol ğŸ˜‚
620311963646730240,2015-07-12 19:21:11,RT @lequipe: Amical: Bordeaux perd malgrÃ© trois buts http://t.co/7nV7i0BXAK http://t.co/eDSmFdMHvH
620196389566464000,2015-07-12 11:41:56,"RT @TedDeneu: Samba Sow rejoint le @KayserisporFK. Il retrouve une tenue sang &amp; or.
#AncienLensois #TeamGaillette http://t.co/XCVtLrXDBZ"
619958458864005120,2015-07-11 19:56:29,RT @pierreDUCASSE8: Un bonheur immense de retrouver le gout du vestiaire et l ambiance de match.Beaucoup d espoir pr la saison aprÃ¨s notre â€¦
619930366225293312,2015-07-11 18:04:51,"RT @MrSowGood: Ls noirs toujours on abuse ğŸ˜‚ğŸ˜‚ #AttachementDePagne
http://t.co/lfPejCHGc9"
619922928277303296,2015-07-11 17:35:18,"RT @MemduhBorazan: Kayserispor'un yeni transferleri Samba Sow, Mabiala ve kaleci AbdÃ¼laziz ÅŸuan takÄ±m ile ilk antrenmanlarina Ã§Ä±ktÄ±lar. httâ€¦"
619922896044060672,2015-07-11 17:35:10,RT @AssataBa: @sambsow  bonne chance Ã  vous pour le nouveau club ğŸ˜Šâ˜º
619922883830259712,2015-07-11 17:35:07,RT @solicbosluk: @MemduhBorazan @sambsow karakter sÄ±nÄ±rÄ±na takÄ±ldÄ±n sanÄ±rÄ±m. Mabila deÄŸil mabiala olacak.
619851865564516352,2015-07-11 12:52:55,RT @yunusemreoral38: @sambsow welcome to Kayseri
619851835596218368,2015-07-11 12:52:48,RT @KayserisporTV: @sambsow Welcome to Kayserispor
619846747884519424,2015-07-11 12:32:35,RT @oguzhan3806: @sambsow welcome to kayseri
619841181657264128,2015-07-11 12:10:28,RT @marco_psh: @sambsow  https://t.co/HrLX6ppc5c
619841154201309184,2015-07-11 12:10:21,RT @anilduman38: Welcome to Kayserispor gurban @sambsow
619841141534556160,2015-07-11 12:10:18,"RT @MemduhBorazan: Yeni transferlerimiz Samba Sow 23, Mabila 6 ve AbdÃ¼laziz Demircan 25 numaralÄ± formalarÄ± giyecekler. http://t.co/YALB2Y3zâ€¦"
616993934099808256,2015-07-03 15:36:31,RT @pierreDUCASSE8: @alexcoeff @sambsow Souvenir les amis chcoco et sambi le turc (cc @rclensofficiel ) http://t.co/NdmqvbCX29
614375771751247872,2015-06-26 10:12:53,"RT @sissokomomo: Signature avec le club chinois de Shanghai Greenland Shenhua ! Nouvelle histoire, le combat continue âš½ï¸ğŸ‘ŠğŸ‡¨ğŸ‡³ http://t.co/Q8iâ€¦"
612944940591640577,2015-06-22 11:27:16,RT @HazardThorgan8: @Inter @Geo_Kondogbia braviiiisiiimooğŸ‘ğŸ‘
612218057742811136,2015-06-20 11:18:54,RT @NossTraore: TrÃ¨s heureux du titre de meilleur joueur #U20WC ğŸ˜€ Sur les pas de mes modÃ¨les @skeitaofficiel #Messi ğŸ‘ Merci Ã  la Team #Maliâ€¦
611578266286223360,2015-06-18 16:56:35,RT @MoussaMara2: Bon ramadan Ã  tous les musulmans. Prions pour la paix et la rÃ©conciliation dans notre pays. Que Dieu agrÃ©e toutes nos priÃ¨â€¦
607206571093950464,2015-06-06 15:25:02,RT @TMahamet: L'opposition Mali-Libye s'est soldÃ©e d'un nul (2-2) au Maroc. Cheick F Diarra  &amp; Samba Sow sont les buteurs maliens http://t.â€¦
606898592289275904,2015-06-05 19:01:14,"RT @MuhammadAli: ""If you even dream of beating me you'd better wake up and apologize.â€ #MuhammadAli http://t.co/e6IZjigjVY"
603987778251182080,2015-05-28 18:14:42,RT @marega91: TrÃ¨s Heureux D'avoir Ã‰tait ConvoquÃ© En SÃ©lection Du Mali Pour Les Ã‰liminatoires De La Can 2017 // Que Sa Puisse Continuer Insâ€¦
602394586615513088,2015-05-24 08:43:56,Je valide l'album #NGRTD appelez moi @youssouphamusik on se connaÃ®t ğŸ‘ğŸ‘ğŸ‘
602391574455123968,2015-05-24 08:31:57,RT @thiam_brahim: Un joueur victime d'islamophobie Ã  Nancy http://t.co/b3zLB4zwlS via @francefootball
601515381379960835,2015-05-21 22:30:17,RT @valentinviola: Previa de Copa con @tomi_viola http://t.co/oWlh2FNjcJ
584717408474177539,2015-04-05 14:01:08,RT @Benjii_Izii: On en parle du geste de l'arbitre sur Adamo ou pas ? http://t.co/sOeIVglFeK
583962528989974529,2015-04-03 12:01:31,"RT @WoghFoot: @sambsow Video officiel du WOGH
https://t.co/AAl2eKn58a
https://t.co/TJynhbeLNI"
577395835224399872,2015-03-16 09:07:49,RT @RappelduJour: Lorsque tu vois une chose contre laquelle tu n'y peux rien... http://t.co/bNA17L0X2d
575903271363219456,2015-03-12 06:16:54,RT @NiggazStruggles: J'suis mort lÃ  http://t.co/Pa0oWrDgZJ
573411944213946368,2015-03-05 09:17:15,RT @BilalKucukyilmz: @sambsow https://t.co/uDJNXATGqV
572143782881325057,2015-03-01 21:18:02,RT @Karabukspor78: @iamlarys @boywatermanoffi  @ozmerthakan @hakanylmz72 @sambsow @DemircanAziz http://t.co/onWdKWTlOd
572103465486458880,2015-03-01 18:37:49,RT @malifootball: #canu17 allez les Aigles U17 !!! On est derriÃ¨re vous !!!! http://t.co/MMPZsNJSJe
571794392761167872,2015-02-28 22:09:41,RT @filoumaoulida: Voir les supporters lensois en pleurs..Je suis triste pr le Racing ğŸ˜¢ Soutien aux supporters &amp; au club #RCLSRFC #Lens httâ€¦
569572059040374784,2015-02-22 18:58:55,RT @YeliMady: CAN U17 : l'Ã©quipe Nationale cadette du Mali se qualifie en demi-finale et pour la Coupe du Monde  aprÃ¨s avoir... http://t.coâ€¦
569571835257470976,2015-02-22 18:58:02,RT @Malijetactu: #CANU17 : Le #Mali Ã©limine la #CÃ´tedâ€™Ivoire #CIV http://t.co/chrYQYT3kT via @Malijetactu http://t.co/kESpOcAXXT
567354471647576064,2015-02-16 16:07:01,RT @Ahmed_Sylla: Il critique son pote dans son dos maaaaais... #SaVesteNaFaitQuUnTour W/ @seghirsam x @DoudouDoucanss x @ibrahimhill http:/â€¦
566918494269493249,2015-02-15 11:14:36,RT @rclensofficiel: Bon #anniversaire @Sam_Atrous ! (25 ans) #rclens http://t.co/XYXyLqj84N
564433523210477568,2015-02-08 14:40:13,@sissokomomo bien vu Momo ğŸ˜‚ğŸ˜‚ğŸ˜‚
564433331551760384,2015-02-08 14:39:27,RT @GeniusFootball: Sissoko vs Diego Costa ğŸ˜‚ğŸ˜‚ğŸ˜‚ http://t.co/UoNw5Ud863
563818473344995329,2015-02-06 21:56:13,RT @FredericKanoute: Visit to a school in Malabo with @trikaofficial as part of @CAF_Online Celebrate Africa initiative. @12manSports http:â€¦
562317188972183552,2015-02-02 18:30:39,RT @zakaryabergdich: Nouveau depart pour la serie A !! FORZA GENOA ğŸ‡®ğŸ‡¹ http://t.co/3O58y769LS
561657425036840961,2015-01-31 22:48:59,RT @MathouxHerve: Rarement vu une Ã©quipe se faire voler com la Tunisie ce soir ... Entre le penalty et les 1'50 d'arrÃªts de jeu alors que 7â€¦
560846334128033792,2015-01-29 17:06:00,"RT @malifootball: Maliens et guinÃ©ens jouaient au carte ce matin , trÃ¨s belle image de sportivitÃ© et de FraternitÃ© du foot africain http://â€¦"
560481466384388096,2015-01-28 16:56:09,RT @julienh8: @sambsow a quand un retour chez toi a @rclensofficiel samba??? ca serait de la boulette de te revoir sous le maillot lensois
559767847942234112,2015-01-26 17:40:29,"RT @Amyy93_: ""@ActuFoot_: Quand Emenike donne son maillot Ã  un supporters de FenerbahÃ§e et le rend visiblement ravi ! https://t.co/pMTPxaf5â€¦"
558329059391045632,2015-01-22 18:23:15,RT @Valdivia_Off: Un bon anniversaire Ã  mon ami Rudy #Riou ! #TeamLens #TeamRiou #TeamValdivia
557115748381110272,2015-01-19 10:01:59,RT @malifootball: CAN 2015: Samba Sow encourage les Aigles du Mali http://t.co/UpXez0R02i @sambsow @PatrickJuillard @frank_simon #CAN2015 #â€¦
556393992968228865,2015-01-17 10:13:59,"DÃ©but de la #CAN2015, bonne chance aux aigles du Mali @SambouYatabare @MustYatabare9 @sigamary @sakobakary26 @91_yacou @malifootball"
554709059619016704,2015-01-12 18:38:40,RT @Tu_Vas_Rire: QUAND TU TE FAIS COURSER PAR LES FLICS ğŸ˜‚ ğŸ˜‚ ğŸ˜‚ http://t.co/b3IDR2d7YA
552868755613945856,2015-01-07 16:45:57,RT @thei100: French Muslims condemn the Charlie Hebdo shooting http://t.co/W89nBMbNGK http://t.co/aycU89hiPu
550547352713719808,2015-01-01 07:01:32,"RT @coeff29: Meilleurs vÅ“ux happy new year2015
@PabloAChavarria @WylanCyprien @LoickLandre @sambsow @MARCELTISSERAND @lalaina12"
537260253537394688,2014-11-25 15:03:20,RT @UnPxrisien: Quand je Dj change brutalement de musique https://t.co/STFftx2PRM
535441800543363072,2014-11-20 14:37:27,RT @Crepe_A_Ding: On valide le frero @sambsow ! #GraineDeChampion #Mali  #ValidÃ©ParCrepeADing #ValidÃ©PourLaCAN http://t.co/rhbbQgmUv4
534013119862161408,2014-11-16 16:00:23,RT @footnational: Arras crÃ©e l'exploit face Ã  une Ligue 2: Bel exploit des joueurs d'Arras (CFA) ce samedi soir face au GFC Ajac... http://â€¦
525202722505883649,2014-10-23 08:31:01,RT @zakaryabergdich: @sambsow la famille â¤ï¸
525199479012880384,2014-10-23 08:18:08,Avec mes amis lensois @zakaryabergdich http://t.co/U8YgHQe8gb
516450038680408065,2014-09-29 04:50:59,RT @BlueFireFsO: @sambsow Bro #17 King! Adam :) http://t.co/cPpGLFS74m
510129466103050240,2014-09-11 18:15:17,@MustYatabare9 turkiye hosgeldiniz! Ah ah ah ah
508643943194853376,2014-09-07 15:52:20,"RT @sissokomomo: Mali-Malawi ce soir pour les Ã©liminatoires de la CAN 2015, allez les Aigles !"
508326554943102976,2014-09-06 18:51:09,"RT @malifootball: Onze entrant: Samassa- Drissa,Molla, Diawara- Tamboura- Yacouba Sylla,bakaye Traore, seydou Keita, diabate, sacko, moustaâ€¦"
507552876261302272,2014-09-04 15:36:50,RT @RacingMetro92: Visite de @sambsow au Plessis : Ã‰change avec notre animateur @CamilleGRDO  et brÃ©silienne avec @SzarzewskiDim2 . http://â€¦
504968859670298625,2014-08-28 12:28:52,RT @erkan_kas: Bugun herkes elindn gelenin fazlasÄ±nÄ± yapÄ±ck yapacgz ve istedigimizi alÄ±p donecgiz inÅŸallh http://t.co/8auHN36kHi
502566615809273856,2014-08-21 21:23:13,"RT @__Mhdsko: @sambsow Bon match , fÃ©licitations!"
502539703107981315,2014-08-21 19:36:16,RT @OOrhant: @sambsow  fÃ©licitations a toi et a toute ton Ã©quipe qui c'est bien battu contre @ASSEofficiel 1-0 #EuropaLeague
502539703070232576,2014-08-21 19:36:16,RT @NeferTasi: HELAL OLSUN Ã‡OCUKLAR HELAL OLSUUUUUUUUN @dessprag @iamlarys @YigitIncedemir @boywatermanoffi @sambsow @k_karabukspor @kirmizâ€¦
502408783155720192,2014-08-21 10:56:02,"RT @AurelienRCLens: @LanFred60 @sambsow Oui, SaintÃ© c'est mon 2e club, mais je souhaite un bon match Ã  notre ancien Lensois ;)"
502408753124483072,2014-08-21 10:55:55,RT @LanFred60: @AurelienRCLens @sambsow Oui mais allez les Verts surtout :)
502408718974464001,2014-08-21 10:55:47,RT @AurelienRCLens: Bonne chance ce soir contre Saint-Ã‰tienne @sambsow
502402636512260096,2014-08-21 10:31:37,RT @romainscheers: J'ai hÃ¢te de voir jouer @sambsow avec Karabukspor tiens !
498868079007657984,2014-08-11 16:26:33,"RT @RappelduJour: Â«Faire pleurer ses parents fait partie de l'ingratitude et des grands pÃ©chÃ©sÂ» AbduLAH Ibn Umar
(athar authentifiÃ© par Al-â€¦"
497505543108702208,2014-08-07 22:12:19,RT @kirmizimaviorg: 07.08.2014 MaÃ§ Sonu.. Tebrikler KarabÃ¼kspor'um.. http://t.co/x1aUmcKIxQ
497505100781592576,2014-08-07 22:10:33,"RT @kirmizimaviorg: Thanks Brolar @dessprag @erkan_kas @iamlarys @boywatermanoffi @EmreOzkan24 @DomiKumbela @sambsow,@AybarsGarhan,@ibrahimâ€¦"
497474043495591936,2014-08-07 20:07:09,RT @erkan_kas: http://t.co/8vptvOWex7
496571916413857792,2014-08-05 08:22:25,RT @derya_sezen: @iamlarys @YigitIncedemir @boywatermanoffi @EmreOzkan24 @DomiKumbela @sambsow #karabukspor you can do it!
494851720108072960,2014-07-31 14:26:58,RT @1969MaviAtes: GÃ¼n emekÃ§inin alÄ±n terini omuzlarda taÅŸÄ±ma gÃ¼nÃ¼ @dessprag @YigitIncedemir @erkan_kas @MuratYolbulan @sambsow Siz  Sahada â€¦
486610469084741634,2014-07-08 20:39:11,"RT @pierreDUCASSE8: DANTE : "" si on m avait dit tu vas jouer un match pendant la coupe du monde j aurai choisi l allemagne.. "" t es sur ?"
478621102508625921,2014-06-16 19:32:17,RT @IzakMatuidi78: Je Comprends mieux mtn !! :) http://t.co/406kjntkUU
466940721493049344,2014-05-15 13:58:38,RT @FredericKanoute: Grande dÃ©tection Yeelen ce samedi 17 mai Ã  partir de 7h30 - terrain Chaba de Lafiabougou - joueurs de 9 Ã  15 ans ! httâ€¦
460408582077693953,2014-04-27 13:22:14,@Serge_Aurier mon gars on es ensemble....
369548405787590656,2013-08-19 19:56:20,RT @demirkkemal: @sambsow great game congrat! Ur performance is better than lens fc. if u play same game all match you have been our new idâ€¦
368865198397878275,2013-08-17 22:41:31,@PSNMCP MP
368864934081220608,2013-08-17 22:40:28,@willyboyy04 arrÃªte de dormir wech c'est SS17
368851339448573954,2013-08-17 21:46:26,@MhdSko Sisi cousin bientÃ´t ....
364045109362311170,2013-08-04 15:28:12,Bon match et bonne chance pour cette nouvelle saison Ã  mes amis lensois @lalaina12 @Stringger  @pierreDUCASSE8 @WylanCyprien @nico_saintruf
363059089532010497,2013-08-01 22:10:06,"RT @Stringger: Le noir avec son chassuple ha une fluo Ã  Arras, il me fait vraiment chiÃ© Ã  crier RT si tu le connais"
361471402336976896,2013-07-28 13:01:12,RT @AkhiRoselmack: Voter oui mais voter pour qui ? Sceptique je sens que les voix seront truquÃ©es comme T-Pain... #Mali2013
359942986865455108,2013-07-24 07:47:50,@Stringger merci azonto que dieu te protÃ¨ge aussi on es ensemble
359942687555727360,2013-07-24 07:46:38,RT @Stringger: @sambsow papiiii Sow nique tout lÃ -bas que DIeu te protÃ¨ge
359933779080515585,2013-07-24 07:11:14,RT @jeep62: @sambsow je serais au stade le 20/10 vs Galatasaray! Fais moi plaiz et mets la misÃ¨re a @AurelienChedjou - derby du nord a Istaâ€¦
359933693097295872,2013-07-24 07:10:54,RT @BryanGlt: @sambsow Tu vas manquer au RCL et a ses supporters Samba ! Et si tu croises Seydou dis lui qu'il manque plus que lui pour retâ€¦
359933264544268293,2013-07-24 07:09:12,@zakaryabergdich @lalaina12 loool laina c'est Twitter + tÃ©lÃ©phone en mÃªme TPS
339105176059256834,2013-05-27 19:45:48,RT @sissokomomo: Demain soir match amical Bretagne-Mali Ã  Carquefou. La recette servira Ã  financer des projets humanitaires au Mali http://â€¦
335301909604868096,2013-05-17 07:52:59,"RT @AIRNESSMK: @sambsow Match Amical #BRETAGNEMALI le #28mai, c'est le match ""#SolidaritÃ© #Mali"" ! #RT #merci @AIRNESSMK #teamairness"
325313317805621249,2013-04-19 18:21:53,@zakaryabergdich @lalaina12 @nico_saintruf #LN20
325312579905933313,2013-04-19 18:18:57,@zakaryabergdich @lalaina12 @nico_saintruf moi je pense que c'est un gaucher du RCL #LM20
324852035474321408,2013-04-18 11:48:55,RT @LSeyec10: @sambsow Sa va ou quoi ? On va venir te voir avec thibault au moi de mai ! Capte moi en message privÃ©
324851983569809409,2013-04-18 11:48:42,@Kondogatoire MP
324850896066473984,2013-04-18 11:44:23,@Kondogatoire geo geo de Bangui c'est comment?
324700351926243329,2013-04-18 01:46:11,@Mokobe113 Ã§a dors pas je viens de perdre contre bordeaux en coupe de France #c'est pas doux deh
324677718820126720,2013-04-18 00:16:15,RT @LudovicDrop: @lalaina12 @alexcoeff @zakaryabergdich @93210conan @Stringger @sambsow Bravo Ã  vous juste magique :) Restez tous pour l ...
324677580101939201,2013-04-18 00:15:41,"RT @blondel_chris: @nico_saintruf @Stringger @lalaina12
@sambsow @zakaryabergdich @alexcoeff juste un mot les gars : MERCI ! Fier d'Ãªtre ..."
324677524472885249,2013-04-18 00:15:28,"RT @GuillaumeReal: @nico_saintruf @Stringger @lalaina12 @sambsow @zakaryabergdich @alexcoeff 
Vous pouvez Ãªtre fiers de vous !! Merci po ..."
324677505267167233,2013-04-18 00:15:24,RT @Max_Madridista: @sambsow @lalaina12 @zakaryabergdich @alexcoeff @WylanCyprien @93210conan @nico_saintruf @Stringger Un grand merci a ...
324677469233881088,2013-04-18 00:15:15,RT @AudreyFr62: Fier de @alexcoeff @Stringger @nico_saintruf @lalaina12 @zakaryabergdich @WylanCyprien @93210conan @sambsow and co. Vs v ...
324677433074782208,2013-04-18 00:15:06,"RT @CoralineBollier: @alexcoeff @Stringger @sambsow @zakaryabergdich Vous avez fait un trÃ¨s beau parcours, on ne peut qu'Ãªtre fier de vo ..."
324677392700411904,2013-04-18 00:14:57,RT @Gauthier_Caze: @lalaina12 tu mas bluffer tu as Ã©tÃ© l un des meilleurs ce soir tout comme @sambsow.
324677325704818690,2013-04-18 00:14:41,RT @Ludovicleleu: @Benjii_Izii @Stringger @freddyalias @sambsow @nico_saintruf @alexcoeff bien battus les gars! Bravo! En L1 l'annÃ©e pro ...
322075007394140160,2013-04-10 19:54:00,@sissoko_oumar alors ?
322073836994560000,2013-04-10 19:49:21,RT @Lekmybol: @sambsow ya moyen mais grave
322068996029550592,2013-04-10 19:30:07,@sissoko_oumar je ne vais pas m'enflammer mais je crois a la qualif
322064253509062656,2013-04-10 19:11:16,Ce soir Barcelone joue en blanc....
320321343038046209,2013-04-05 23:45:34,RT @pierreDUCASSE8: Et bravo a l'equipe de n'avoir rien lachÃ© jusqu'a la derniÃ¨re minute pr Ã©galiser #rclsedan pensee pour @lalaina12 js ...
319157521183019009,2013-04-02 18:40:57,@pierreDUCASSE8 @zakaryabergdich je ne parle pas avec toi Zak je suis devant le match et toi ?
317688143803473921,2013-03-29 17:22:10,@sissoko_oumar sisi Ã§a vient tout droit de Bamako lol
317675312639000577,2013-03-29 16:31:11,Profitez de la vie: il est plus tard que vous ne pensez.
316658054332567552,2013-03-26 21:08:58,@MhdSko trankil devant le match et toi c'est comment?
316227380312145921,2013-03-25 16:37:37,@zakaryabergdich  http://t.co/5yAy98tO7B
315377448873238528,2013-03-23 08:20:17,RT @DCharlyy: @sambsow Samba stp follow me :)
313720249138675713,2013-03-18 18:35:10,Au Rwanda avec la sÃ©lection #MALIPISSANCI
309409934343278592,2013-03-06 21:07:31,RT @foussenidiawara: T'es sÃ»r que le psg est bÃ¢ti pour l'Europe Leonardo ??? #frisson
308256450071891968,2013-03-03 16:43:59,RT @MhdSko: â€œ@sambsow: AprÃ¨s Messi et cristiano il ya Gareth BALEâ€ y'a Samba Sow surtout cousin.
308255497579012097,2013-03-03 16:40:12,AprÃ¨s Messi et cristiano il ya Gareth BALE
301684119073611777,2013-02-13 13:27:53,@Kondogatoire @zakaryabergdich geo laisse tomber Zak il me doit une semaine de Restau ptdrrrr
301672556958740480,2013-02-13 12:41:57,@pierreDUCASSE8 @zakaryabergdich pierro merci il y'a que toi qui pense a moiiiiii
299131878634577921,2013-02-06 12:26:12,RT @brassilou78: @sambsow bon match inchallah la vitoire pour le peuple
299131855930810368,2013-02-06 12:26:06,RT @AurelienDacquin: Sera Ã  fond dÃ©rriÃ©re le Mali de @sambsow ! Allez les aigles :)
299131756450291712,2013-02-06 12:25:42,RT @Absiby: @sambsow On y croit. Allez les Aigles. #lafamille
299127366138077184,2013-02-06 12:08:16,"RT @Bocquet_Michel: Allez le Mali, tous mes encouragements Ã  @sambsow , captain Seydoux , Police. #lensoisunjourlensoistoujours"
299127352313655296,2013-02-06 12:08:12,RT @delbjustine: Bonne chance pour ce soir @sambsow
299127349444767745,2013-02-06 12:08:12,"RT @legissimo: @sambsow pour le Mali , c sur vous allez gagner !"
299124741854359554,2013-02-06 11:57:50,RT @del_mams: Bon chance contre le Nigeria @sambsow ont n'est ensemble #team223
299124722162094080,2013-02-06 11:57:45,@pierreDUCASSE8 merci pierrooooo
299124658861666304,2013-02-06 11:57:30,RT @LSeyec10: Bonne chance a mon gars @sambsow pour la demi de la can
298532374281605120,2013-02-04 20:43:59,RT @BeaumontAntoine: @sambsow En espÃ¨rent qu'avec toi le Mali ira jusqu'au bout ! ğŸ˜ƒ
298437026997481472,2013-02-04 14:25:06,"RT @Maxda02: Supporter lensois, de tout coeur avec vous @sissokomomo @sambsow"
298179736318922752,2013-02-03 21:22:43,"RT @Mokobe113: #Team223 inchallah qu'on gagne la CAN , on est capable dieu est grand tous derriÃ¨re les aigles du Mali"
298066631723208704,2013-02-03 13:53:17,RT @leeshou: @sambsow samba sow bravo au mali
298065823766040576,2013-02-03 13:50:04,Ici c'est pas les BAFANA BAFANA c'est les BAMBARA BAMBARA @foussenidiawara @sissokomomo @sambsow @DiakitSamba @sigamary
298059291913510912,2013-02-03 13:24:07,RT @yvanoo26: @sambsow bravo pour votre qualif #yess
297844428310200320,2013-02-02 23:10:20,RT @habib8110: Congratulations sambasto and co..Allez les aigles.plus qu'a deux marches du sommet du foot africain..
297844119248699392,2013-02-02 23:09:06,RT @sissokomomo: Mali on est lÃ  !!! #TeamMali http://t.co/j0ggLEJS
297843835546005504,2013-02-02 23:07:58,RT @abelchristophe: Le vestiaire des #AiglesDuMali en feu demain dans @telefoot_TF1 #seydoukeita @sigamary @sambsow @foussenidiawara htt ...
296191856553897985,2013-01-29 09:43:36,RT @Drinesan1: @sambsow Viens d'entendre Samba Sow sur les ondes de RÃ©union PremiÃ¨re ;-)!
295993061534744579,2013-01-28 20:33:39,RT @bangalikoita: @sambsow @Mokobe113 a magni deh les frero
295988899665297409,2013-01-28 20:17:07,#MALIPISSANCI a magni deh @Mokobe113
295987874019561472,2013-01-28 20:13:03,RT @Mokobe113: Bravooo aux aigles #Team223 mais les congolais ont bien jouÃ©s faut pas mentir ct chaud
295615405790228480,2013-01-27 19:32:59,RT @Innamodja: La Ville de Gao libÃ©rÃ©e ! #FreeMali
295510402668838913,2013-01-27 12:35:44,"RT @awichka: Avec MON NUMERO 10 !! SAMBA SOOOOW 
@sambsow http://t.co/vl3n4CFb"
295269164954816514,2013-01-26 20:37:09,@Kondogatoire ahahah geo geo tu peut prendre mes news sans pour autant poster ce genre de photo mdr petit con
294427479517564928,2013-01-24 12:52:35,PrÃªt pour hisser au plus haut le vert jaune rouge avec mes frÃ¨res maliens @sissokomomo @foussenidiawara @sigamary @DiakitSamba #Mali
294377300441583616,2013-01-24 09:33:12,Joyeux anniversaire maraka keh @DiakitSamba
294355328982740992,2013-01-24 08:05:53,RT @Mokobe113: Bon #Team223 inchallah on gagne contre le Ghana
293681737828012032,2013-01-22 11:29:17,RT @MhdSko: @sambsow Souhaite un joyeux anniversaire a mon homonyme ahah ! Courage cousin. Je te suis d'ici ;)
293680747607359489,2013-01-22 11:25:21,RT @sissokomomo: 28 ans ! Merci pour tous vos messages Ã§a me touche ! http://t.co/sxwL15Nh
293447792666484736,2013-01-21 19:59:40,@DiakitSamba jamel debouze sort de ce gros corps mdr
293319261894619136,2013-01-21 11:28:56,RT @foussenidiawara: Les aigles du mali vous souhaite une bonne semaine :-) http://t.co/d5bSzxnN
293121540340449281,2013-01-20 22:23:15,RT @MalianTeam: @sambsow On est Avec toi Mon frÃ¨re #Team223 #TeamMali ğŸ’šğŸ’›â¤
293121470857629696,2013-01-20 22:22:59,RT @balakisSa: On ve des buttttttttttttttt hoooo @sambsow
293119984077533185,2013-01-20 22:17:04,@Mokobe113 ouai Ã§a va il y'a du mieux on verra bien dans la semaine ....
293112550474797056,2013-01-20 21:47:32,@Mokobe113 Ã§a va aller inshallah
293112474926985216,2013-01-20 21:47:14,RT @Mokobe113: @sambsow on est avec toi Frero dommage wallaye
293105338553597952,2013-01-20 21:18:53,RT @Mokobe113: Tous derriÃ¨re le Mali #Team223 inchallah la victoire merci a tous ceux qui soutiennent on est ensemble Mali puissanci
293046833553477632,2013-01-20 17:26:24,RT @abelchristophe: @sambsow blesse mais prÃ©sent pour supporter les aigles #can2013 #rclens http://t.co/vsmVf2Qr
292935040743112704,2013-01-20 10:02:10,DÃ©Ã§u de rater ce premier match de la CAN mais 100% derriÃ¨re les aigles #malipuissanci
292601108327698432,2013-01-19 11:55:15,RT @sigamary: CAN 2013: Les Aigles du Mali baissent leurs primes pour le pays. Et dire que d autres on fait greve ( knysna) lol on est p ...
292411721610579969,2013-01-18 23:22:41,"RT @pierreDUCASSE8: Belle remontÃ©e , un bon point mÃªme si avec un peu de gourmandise on aurait aimÃ© l'emporter.. Yahia it's ok , assommÃ© ..."
291864242775273472,2013-01-17 11:07:12,RT @AnthonyLegrand3: @sambsow bon courage Ã  ta sÃ©lection et Ã  toi mÃªme dans cette can! En espÃ©rant un long parcours pour vous ! RT pour  ...
291830187367206912,2013-01-17 08:51:53,RT @yanislens: @sambsow samba je te souhaite d aller loin dans cette can bon courage a ta selection samba &lt;3 !!!!! http://t.co/iCltJmq1
291508645127151617,2013-01-16 11:34:11,@lalaina12 joyeux anniversaire Mr Nomenjanahary
291318287185367040,2013-01-15 22:57:46,@bangalikoita on es ensemble ....
291318050685349888,2013-01-15 22:56:50,RT @bangalikoita: @sambsow je compte sur vs mali puisansii a magniii dehh walaye mali kadi
291315444625854464,2013-01-15 22:46:29,RT @Absiby: @sambsow on compte sur vous pour nous refaire au moins 2012. Vamos
290878193806741504,2013-01-14 17:49:00,@nico_saintruf j'ai trop chaud Nico j'en ai marre je crois que je vais rentrer a Lens mdr
290764099804069888,2013-01-14 10:15:38,RT @ggoford: Mali's Samba Sow @sambsow talks to @BBCSport ahead of #bbcafcon VT profile here http://t.co/G7fn6PYY good luck Mali in Sout ...
290045952553803778,2013-01-12 10:41:58,RT @Kiimzouk: PensÃ©e aux Mali ! Que la Paix revienne dans ce pays et RIP aux 2 militaires franÃ§ais tuÃ© en Somalie ! #Mali #Somalie
288214584165298176,2013-01-07 09:24:46,@Kondogatoire Geoffrey tu es injoignable tu a sÃ»rement change de numÃ©ro ... Envoi moi ton num en privÃ© stp
288211036299997184,2013-01-07 09:10:40,@pierreDUCASSE8 pierro a ce qui pareil tu a Ã©tÃ© forme Labas ?
287851037128290304,2013-01-06 09:20:09,@zakaryabergdich @alexcoeff @polletdavid @lalaina12 @pierreDUCASSE8 @ bon match les mecs
287188988048068608,2013-01-04 13:29:25,---------&gt; BAMAKO
286960373574270977,2013-01-03 22:20:59,RT @AdamOneSM: Bonne chance a le frero @sambsow pour le #CAN2013 sauf quand il joue en final contre le Maroc! ğŸ˜œ  Montres tout tes qualit ...
286477083767607298,2013-01-02 14:20:33,RT @Drinesan1: @sambsow : Ecoutez la chanson de Tiken Jah Fakoly pour soutenir le Mali face aux jihadistes http://t.co/35IRVaMbâ€
286476952662056962,2013-01-02 14:20:02,"RT @UniversSangetOr: @sambsow Bonne annÃ©e Ã  toi et bonne cha,ce pour la CAN ! Un RT pour http://t.co/SjbPeYf6"
282478012128182272,2012-12-22 13:29:40,@lalaina12 mdr j'espÃ¨re que le vol n'est pas annulÃ© pck la il pleut trop
282477296038850563,2012-12-22 13:26:50,@lalaina12 @zakaryabergdich bon voyage ne rate pas ton vol
282476979838652418,2012-12-22 13:25:34,@lalaina12
282449395990020096,2012-12-22 11:35:58,@nico_saintruf je ne veux plus te voir #yenaAsseeeeeezzzzz vivement qu'on arrive ...
281805597052112896,2012-12-20 16:57:44,RT @nico_saintruf: Tu quitte le nord il pleut t arrive dans le sud il pleut ğŸŒ‚ #yenaAsseeeeeezzzzz
281733906837938176,2012-12-20 12:12:52,RT @habib8110: @sambsow 3pts.......
280831494493204481,2012-12-18 00:27:00,@AdamOneSM bon courage pour demain enfin pour tout Ã  l'heure ......
280050552921006080,2012-12-15 20:43:49,RT @MhdSko: #PhrasesPreferÃ©esDesHommes Tu prends quelle Ã©quipe? #TeamFIFA
278544428535255040,2012-12-11 16:59:01,RT @Absiby: @sambsow On assure se soir frÃ¨re
277717214222749696,2012-12-09 10:11:58,J-12
277499056232730624,2012-12-08 19:45:05,@MhdSko merci cousin
277495377861681152,2012-12-08 19:30:28,RT @pierreDUCASSE8: Victoire nette et sans bavure #armentieresvsrclens #coupedefrance #tobecontinue #teamlens
276409650264551424,2012-12-05 19:36:10,@pierreDUCASSE8 on a besoin d'un troisiÃ¨me Dj pour remplacer @zakaryabergdich
276406180178444289,2012-12-05 19:22:23,@pierreDUCASSE8 mon pierro tu es ou ?
273758835326459907,2012-11-28 12:02:47,@PSNMCP @kondogatoire @zakaryabergdich Zak il es pire que moi
273556179890872320,2012-11-27 22:37:30,Paris sans gagner (PSG) @zakaryabergdich
272833195551117312,2012-11-25 22:44:37,@MhdSko merci Momo .... J'espÃ¨re que tu te porte bien cousin ?
272271757556195328,2012-11-24 09:33:40,RT @habib8110: Mission accomplie pour les 3pts.....ce week end @sambsow .Du tres bon boulot.
271950361756045312,2012-11-23 12:16:33,3pts....
268400373901967362,2012-11-13 17:10:10,@Kondogatoire je vais vous regarder Rio Ferdinand et abou diaby
268333432931749888,2012-11-13 12:44:10,@pierreDUCASSE8 pierro un vrai gentlemen merci pour ce repas...
268326894007627776,2012-11-13 12:18:11,@pierreDUCASSE8 @zakaryabergdich pierro bon appÃ©tit
268119035978342400,2012-11-12 22:32:14,RT @eduardo_piaui: â€œ@polletdavid: Direction bollaert pour une victoire avec @alexcoeff @sambsow @lalaina12 @nico_saintruf @polletdavidâ€b ...
267949844331651072,2012-11-12 11:19:55,@habib8110 3pts c'est Ã§a qui est la vÃ©ritÃ© .....
266935481370034177,2012-11-09 16:09:12,RT @habib8110: @sambsow Lundi a Bollaert 3pts............
265909509376053248,2012-11-06 20:12:22,@emmavnh oui comme dab... Lol
265904996128796672,2012-11-06 19:54:26,@habib8110 tu m'a tuer mdrrrrr
265899651327205379,2012-11-06 19:33:11,"Je viens de ""zlatanner"" mon assiette de nouilles au poulet ahaha ...."
264562205725446144,2012-11-03 02:58:39,@sambsow insomnie quand tu me tiens.....
264483448134180864,2012-11-02 21:45:42,@habib8110 merci bibha sa fais plaisir
264340774093721600,2012-11-02 12:18:46,RT @Nik0las9: Foot - Ligue 2 - Lens : S. Sow : Â«J'ai doutÃ©Â» http://t.co/06PSS9B4 via @sambsow
264289249480818688,2012-11-02 08:54:01,Aw ni sogoma
264057387445534721,2012-11-01 17:32:41,@Absiby je vais pas me raser fo ko ka bo la lool
263339610845880321,2012-10-30 18:00:30,@Kondogatoire @pierreducasse8 buena suerte... Mdr
263080963058307073,2012-10-30 00:52:44,@pierreDUCASSE8 courage pierro on est enssembe ....
263068160813588483,2012-10-30 00:01:51,@AdamOneSM @zakaryabergdich merci les gars sa fais plaisir
262899481207504896,2012-10-29 12:51:35,3 pts........
262891600114507776,2012-10-29 12:20:16,@AdamOneSM lol j'utilise pas trop BBM c'est pour sa.... In sha Allah on fera un bon match ce soir on se capte aprÃ¨s le match
262888212735860741,2012-10-29 12:06:48,@AdamOneSM je t'attend Adam .....
261699096824410112,2012-10-26 05:21:41,â€œ@le_Parisien: Roissy : de la viande de singe dans les bagages d'un notable centrafricain http://t.co/pn3ckUUXâ€ @Kondogatoire
261575201953808384,2012-10-25 21:09:22,@habib8110  je te jure mai bon j'avais pas le choix
261541283816960000,2012-10-25 18:54:35,Debout dans le train pour Arras il n'y Ã  plus de places .........) le seummmm
261201562393772034,2012-10-24 20:24:40,@zakaryabergdich on vs attend ...
261199153479184384,2012-10-24 20:15:05,MALI NIGER GHANA CONGO .......
261065705707950081,2012-10-24 11:24:49,@nico_saintruf joyeux anniversaire MOULUS
260813599193329665,2012-10-23 18:43:02,@zakaryabergdich @ahlilou @serge_aurier y'a pas que arte et TV5 la haut ptdr
260811124331651072,2012-10-23 18:33:12,@ahlilou @serge_aurier @zakaryabergdich ahlilou cmt tu fait pour regarder la ligue des champions ptdr
260712656594423808,2012-10-23 12:01:55,@ahlilou @zakaryabergdich paye tes dettes au lieu de raconter de la merde sur tweeter.. Ã€ ce qu'il pareil tu es l'homme le plus recherchÃ©
260686372254404609,2012-10-23 10:17:29,@zakaryabergdich bon appÃ©tit .....
260077838571544576,2012-10-21 17:59:23,@6cichero6 cichero oohhooh cichero oohhooh ......
259677276935970817,2012-10-20 15:27:42,@ahlilou mdr 3pts sa suiffit pour ce match sal fouuuu
259545321963659265,2012-10-20 06:43:21,3 points....
258633107484336130,2012-10-17 18:18:32,@polletdavid merci monsieur pollet
257693207914237952,2012-10-15 04:03:43,RT @Malijetactu: #mali Can 2013 : botswana - mali  / Les Aigles crucifient les ZÃ¨bres http://t.co/NdFVDcJW
255187180245377026,2012-10-08 06:05:39,-------&gt; JOHANNESBOURG
255154320260083712,2012-10-08 03:55:05,Je suis dans le taxis le chauffeur est un congolais il a jouE au foot avc le pere a makelele mdrrr il me casse la tete a 5h du mat
254339832321540096,2012-10-05 21:58:36,Malgre les critiques on va rien lacher.... Merci E. S
254117825533329408,2012-10-05 07:16:25,""" Au chef il faut des hommes et aux hommes, un chef"""
253191350453956610,2012-10-02 17:54:56,@zakaryabergdich. Tiens..... http://t.co/rqPb7oHL
253185520656596993,2012-10-02 17:31:46,@zakaryabergdich. C'est bon j'ai beinsport mai j'ai besoin d'etre seul chez moi ce soir looool
253106158666149888,2012-10-02 12:16:25,"Comme on dit au mali:""Quiconque tanquine un nid de guepes doit savoir courir"""
251664511390593024,2012-09-28 12:47:49,@nico_saintruf cest bon nico j'ai trouve ma place especes de mouaka looool
251611325518721024,2012-09-28 09:16:29,@pierreDUCASSE8 @zakaryabergdich http://t.co/EZ5vTLpZ
251610832104980480,2012-09-28 09:14:31,@pierreDUCASSE8 ta raison pierro pck la j'en peu plus
251609879058477056,2012-09-28 09:10:44,@zakaryabergdich attend je vais enlever ma veste ....
251609480587005952,2012-09-28 09:09:09,"""AprÃ¨s la pluie le beau tps....""@zakaryabergdich"
251279140592971776,2012-09-27 11:16:30,"""Celui qui avale une noix de coco fait confiance a son anus"""
250961551396331520,2012-09-26 14:14:31,"Proverbe africain""celui qui est impatient d'avoir un enfant epousera une femme enceinte"""
250929840629374976,2012-09-26 12:08:30,@ahlilou j'arrive poto fai moi de la place
250925124981755904,2012-09-26 11:49:46,@ahlilou allez le C A fai rever tous les clubistes ahlilou......
250920905184800768,2012-09-26 11:33:00,@ahlilou tu donne plus de news le tunisien....
250204574630174720,2012-09-24 12:06:33,@zakaryabergdich c'est clair en esperan le beau tps tres prochainement
250203450430849025,2012-09-24 12:02:05,Enfin j'ai bien dormi @zakaryabergdich
250199098655916032,2012-09-24 11:44:48,ENFIN...
249478297086488578,2012-09-22 12:00:35,52 ans d'independance et un pays divise en 2 . Bonne fete a tous les maliens
249134002357825536,2012-09-21 13:12:29,100/100 lensois http://t.co/YL5OdyWV
249074530650308608,2012-09-21 09:16:10,Le combat continu
248115428977680384,2012-09-18 17:45:02,Avec @zakaryabergdich pour la soiree LDC
246947497891741696,2012-09-15 12:24:06,@zakaryabergdich et si on allais a bangui mdr @Kondogatoire.
246697693668335617,2012-09-14 19:51:28,13 min je progresse en tps de jeu...
246542420081258496,2012-09-14 09:34:28,@MhdSko je vais bien envoi moi ton numero en privee
246495160731582464,2012-09-14 06:26:40,@MhdSko madame mbe bokai loool
246304627203665920,2012-09-13 17:49:33,@pierreDUCASSE8 merci pierro tes pas comme zak
246288782666641408,2012-09-13 16:46:36,@Kondogatoire kondo faut pas dechirer mon blaze toi aussi loool
246276552046817280,2012-09-13 15:58:00,@zakaryabergdich lool il a peur le petit zak
246275143188508672,2012-09-13 15:52:24,@zakaryabergdich attention ZAKO l'eleve va depasser le maitre
246241236132966401,2012-09-13 13:37:40,.....
246236016137101313,2012-09-13 13:16:55,@lehyan2b sava rachid? il Ã©tait pour mamadou de twitter mdrrrrr
246205667004801024,2012-09-13 11:16:19,@zakaryabergdich. 6h de bus sans toi poto revien vite looool
246128895823331328,2012-09-13 06:11:16,@zakaryabergdich merci pour la pub mr bergdich
246127029781688320,2012-09-13 06:03:51,@zakaryabergdich tu me rend fou le marocain
245903333372616704,2012-09-12 15:14:57,Chaque instant de la vie est un pas vers la morts....

681026061455507456,2015-12-27 08:17:20,"GÃ¼naydÄ±n bugÃ¼n rakip Galatasaray . Ä°nÅŸallah kazanÄ±p , devre arasÄ±na moralli girmek nasip olur . #Kayserispor https://t.co/QjQvSYSE2M"
672164446597435392,2015-12-02 21:24:26,RT @SporVine: Kayserispor'un genÃ§ yÄ±ldÄ±zÄ± OÄŸulcan Ã‡aÄŸlayan'Ä±n SarÄ±yer maÃ§Ä±nda yaptÄ±ÄŸÄ± penaltÄ±ya neden olan ÅŸÄ±k Ã§alÄ±m. https://t.co/zpTNV5J5â€¦
670339473603973120,2015-11-27 20:32:39,MÃ¼thiÅŸ Zafer ! Deplasmanda altÄ±n deÄŸerinde 3 puan . Herkesin ayaÄŸÄ±na yÃ¼reÄŸine saÄŸlÄ±k . Direklerle imtihan devam ediyor :) #Kayserispor
659035695143624705,2015-10-27 15:55:28,"TeÅŸekkÃ¼rler TÃ¼mer abi , RÄ±za Hoca , SayÄ±n BÃ¼yÃ¼ka ve @LigTV ailesi :) https://t.co/1G7qJpnNp1"
658078663817232384,2015-10-25 00:32:34,Mission Accomplished #HaydiRastGele https://t.co/tttgHvPhqQ
652505362306846720,2015-10-09 15:26:15,"90 dakika inanÄ±lmaz mÃ¼cadele ! ğŸ‘Š Herkesin ayagÄ±na , yÃ¼regine saÄŸlÄ±k . YarÄ±ÅŸta biz de varÄ±z . Sonunaâ€¦ https://t.co/TO5MvNw7e6"
648494367020351488,2015-09-28 13:48:00,Time To Win #Kayserispor http://t.co/TR5L48846q
640842347593506816,2015-09-07 11:01:36,"Åehitler Ã¶lmez ama analar aÄŸlar . Annelerin vatanÄ± Ã§ocuklarÄ±dÄ±r ! BaÅŸÄ±mÄ±z saÄŸolsun ! Allah yar ve yardÄ±mcÄ±mÄ±z olsun ... 
#terÃ¶relanetolsun"
639126087386202112,2015-09-02 17:21:48,"RT @ntvspor: Enes Ãœnal ve OÄŸulcan Ã‡aÄŸlayan ile TÃ¼rk futboluna dair...
""Kendimizi kandÄ±rmayalÄ±m"" | VÄ°DEO http://t.co/OPuB9qiIwF http://t.co/â€¦"
638802830128775173,2015-09-01 19:57:17,Kayseri ÅŸehrine hizmet etmeye devam edeceÄŸim iÃ§i mutluyum . 1 yÄ±l boyunca #Kayserispor ' un baÅŸarÄ±ÅŸÄ±â€¦ https://t.co/PRZkjDjkDd
638452855389745152,2015-08-31 20:46:37,"Bu sezon #Kayserispor'a hizmet edeceÄŸim . Gecen sezon son haftalarda gÃ¶sterdiÄŸim performansÄ±n Ã¼zerine cÄ±karak , takÄ±ma katkÄ± saglayacagÄ±m ."
637335050225348608,2015-08-28 18:44:51,RT @MilliTakimlar: #ÃœmitMilliTakÄ±m 'Ä±n Avustralya ve Hollanda maÃ§larÄ± aday kadrosu aÃ§Ä±klandÄ±: http://t.co/13r2KTYfBi http://t.co/UM2twE2YUb
634000324634787841,2015-08-19 13:53:51,"RT @TMtr_news: OÄŸulcan Ã‡aÄŸlayan:""Boyuma raÄŸmen tekniÄŸim ve sÃ¼ratÄ±m iyi"" http://t.co/YFiz6Lv4DR  #caglayan #erciyesspor"
631072998158692352,2015-08-11 12:01:42,"MaÃ§ formasÄ±nÄ±n iÃ§ine Ã§elik yelek giymeli mi , oyuncular ?"
631071210214920192,2015-08-11 11:54:35,Ä°nsan canÄ±nÄ±n bu kadar Ã¶nemsiz olduÄŸu ve Ã¶lÃ¼mlerin artÄ±k doÄŸal karÅŸÄ±landÄ±ÄŸÄ± Ã¼lkede . Bu da normal karÅŸÄ±lanÄ±r . GeÃ§miÅŸ olsun #MehmetTopal
631059598489821184,2015-08-11 11:08:27,@TPFDorgtr dÃ¼zenlediÄŸi yÄ±lÄ±n en iyi genÃ§ oyuncusu Ã¶dÃ¼lÃ¼nÃ¼ alan arkadaÅŸÄ±m Ozan Tufan'Ä± kutluyorum . BaÅŸarÄ±larÄ±nÄ±n devamÄ±nÄ± diliyorum ...
630020166554898433,2015-08-08 14:18:07,"RT @TPFDorgtr: GenÃ§ yetenekler, PFD #FutbolÃ–dÃ¼lleri 'YÄ±lÄ±n GenÃ§ Futbolcusu' adaylarÄ± arasÄ±nda Ã¶dÃ¼l gecesine hazÄ±r! #TPFD http://t.co/e567w4â€¦"
628684912497946624,2015-08-04 21:52:18,"Zaman su gibi akÄ±p gidiyor . 7 yÄ±l Ã¶nce Van futbol kÃ¶yÃ¼ :) Bir hayalin varsa , vazgeÃ§me ! @Ulker @MilliTakimlar http://t.co/uqhQPD3Fj2"
628679473089675265,2015-08-04 21:30:41,"RT @mehmet_tutuncu_: TFF Ãœlker Futbol kÃ¶yÃ¼nÃ¼n kÃ¼Ã§Ã¼k yeteneÄŸi Bilal, kÃ¶ylerden yetiÅŸen @CglynOgulcan abisini bugÃ¼n soru yaÄŸmuruna tuttu. httâ€¦"
628582683254329344,2015-08-04 15:06:04,"Ä°nÅŸallah bizlerden Ã§ok daha iyi yerlere gelip , Ã¼lkemizi temsil edersiniz . SÃ¼per bir organizasyondu . #Ãœlker #Tff http://t.co/fVOWEbVaGV"
624314101234167808,2015-07-23 20:24:15,"RT @FourFourTwoTR: ""Milli takÄ±ma seÃ§ildiÄŸimi Ã¶ÄŸrendiÄŸim an heyecandan titreyerek annemi aradÄ±m, 'OÄŸlum bÄ±rak ÅŸu futbol iÅŸlerini' dedi"" httpâ€¦"
623872646678192128,2015-07-22 15:10:04,RT @AJTurk: #AJTGÃ¶rÃ¼ÅŸ | Yeni sezona damga vurabilecek 10 genÃ§ @UgurMeleke yazdÄ± http://t.co/JpyJYAqSbH http://t.co/137mnKl0wy
623544880200056832,2015-07-21 17:27:39,RT @armanonal23: Nerdeyse 1 sene Ã¶ncesinin bir rÃ¶portajÄ±.TeÅŸekkÃ¼rler @arslan_oguzhan. @CglynOgulcan efsanesinin doÄŸuÅŸu... https://t.co/4Ubgâ€¦
622385834742939652,2015-07-18 12:42:01,"RT @footietube: UEFAâ€™nÄ±n SÃ¼per Ligâ€™de seÃ§tiÄŸi genÃ§ yetenek @CglynOgulcan
http://t.co/4TggSDkspX http://t.co/Ndf5s5xPLM"
622340803722117121,2015-07-18 09:43:04,RT @fanatikcomtr: UEFA'nÄ±n en iyi genÃ§ seÃ§tiÄŸi OÄŸulcan Ã‡aÄŸlayan @CglynOgulcan Fanatik'e konuÅŸtu: Benim yÄ±ldÄ±zÄ±m sÃ¶nmez! http://t.co/rYwwlIlâ€¦
622340771056893952,2015-07-18 09:42:57,RT @necatialbayrak5: UEFA'nÄ±n en iyi genÃ§ seÃ§tiÄŸi OÄŸulcan Ã‡aÄŸlayan @CglynOgulcan Fanatik'e konuÅŸtu: http://t.co/Qp4D2mW20b
621957277193531392,2015-07-17 08:19:04,TÃ¼m mÃ¼slÃ¼man aleminin Ramazan BayramÄ± kutlu olsun .
621323860026216448,2015-07-15 14:22:06,"RT @FourFourTwoTR: ""TÃ¼rkiyeâ€™de futbolculara uÃ§uk Ã¼cretler Ã¶dendiÄŸi iÃ§in kimse yurt dÄ±ÅŸÄ±na Ã§Ä±kmak istemiyordu"" http://t.co/RRwDPAwf2i http:/â€¦"
618311703298732032,2015-07-07 06:52:52,"RT @footbaLLove: Season review: Turkey http://t.co/iNafCHNZnz via @UEFAcom
Player of the year: Muslera
One to watch: Ogulcan Caglayan"
618220701938548736,2015-07-07 00:51:15,TeÅŸekkÃ¼rler Uefa daha fazlasÄ± iÃ§in daha fazla Ã§alÄ±ÅŸmalÄ±yÄ±m ! http://t.co/4pEA9SoOeh
618216679181561859,2015-07-07 00:35:16,"RT @panenkasporcom: UEFA, SÃ¼per Lig'de genÃ§ yetenek olarak OÄŸulcan Ã‡aÄŸlayan'Ä± yÄ±lÄ±n oyuncusu seÃ§ti."
616688612223131649,2015-07-02 19:23:17,RT @millitakimaski: Futbol kÃ¶yÃ¼nde parlayan golcÃ¼ OÄŸulcan Ã‡aÄŸlayan'Ä±n hedefi dÃ¼nya starÄ± olmak http://t.co/fgmu9SvhRJ http://t.co/uPXoOLJK6l
616301991485120512,2015-07-01 17:46:59,RT @Ulker: .@TFF_Org â€“ Ãœlker Futbol KÃ¶yleriâ€™nde yetiÅŸen OÄŸulcan Ã‡aÄŸlayanâ€™Ä±n rÃ¶portajÄ±nÄ± okumak iÃ§in: http://t.co/aakP2VFlTZ http://t.co/eo3â€¦
616205546329403393,2015-07-01 11:23:45,RT @MilliTakimlar: #TamSaha 'nÄ±n 128.sayÄ±sÄ±ndan... OÄŸulcan Ã‡aÄŸlayan: TFF-Ãœlker Futbol KÃ¶yÃ¼'nde parlayan golcÃ¼: http://t.co/AN3h85JoK8
616139863956586496,2015-07-01 07:02:45,Tam saha dergisinde Nihat Ã–zten ile yaptÄ±ÄŸÄ±m rÃ¶portaj yayÄ±nlandÄ± . http://t.co/IEUSzFUC6L http://t.co/ICDvNjsbMV
615569099956092930,2015-06-29 17:14:44,"RT @KErciyesSporFan: TakÄ±mÄ±mÄ±z yeteneÄŸi namÄ± deÄŸer Ã‡aÄŸlayan'nÄ±n videosunu izlemedinmi ? Daha ne duruyorsun link'e tÄ±kla ve keyifle izle.

hâ€¦"
614816293523484672,2015-06-27 15:23:21,RT @Mtuna38: OÄULCAN Ã‡AÄLAYAN https://t.co/bI3Wzf8F4S @YouTube aracÄ±lÄ±ÄŸÄ±yla 2014-15 sezonu OÄULCAN Ã‡AÄLAYAN'a  hediyemiz olsun.. baÅŸarÄ±larÄ±â€¦
614398754926538752,2015-06-26 11:44:12,#TBT http://t.co/4L797xSp9P
611874037376098304,2015-06-19 12:31:53,YanÄ±mda doÄŸru insanlar var . Ve Allah'a ÅŸÃ¼rediyorum . Beni doÄŸru insanlarla karÅŸÄ±lastÄ±rdÄ±ÄŸÄ± iÃ§in . Åimdi biraz dinlenme zamanÄ± .
611873779262844928,2015-06-19 12:30:51,UmarÄ±m Ã§alÄ±ÅŸmalarÄ±mÄ±zÄ±n karÅŸÄ±lÄ±ÄŸÄ±nÄ± aldÄ±ÄŸÄ±mÄ±z bir sene olur ve performansÄ±mÄ± daha da yukarÄ±ya Ã§Ä±karÄ±rÄ±m . BaÅŸarÄ± ekip iÅŸidir .
611873455533871104,2015-06-19 12:29:34,1 bucuk haftalÄ±k sezon Ã¶ncesi Ã§alÄ±ÅŸmamÄ±z bitti . Celal hocama ve diyetisyen MÃ¼ge HanÄ±ma destekleri iÃ§in teÅŸekkÃ¼r ederim .
611588136318148608,2015-06-18 17:35:49,Four Four Two dergisi Haziran sayÄ±sÄ±nda ben varmÄ±ÅŸÄ±m ğŸ˜ŠâœŒï¸ğŸ‘ğŸ‘âš½ï¸ğŸ”œğŸ’ªğŸ‘Š #23 #erciyesspor #erciyes https://t.co/nbFEcL1BQ5
611582920726315008,2015-06-18 17:15:05,"Mersin Ä°dmanyurdu maÃ§Ä± rÃ¼ya gibi baÅŸlangÄ±Ã§ , kabus gibi bir son olmuÅŸtu . Sivas ve Mersin maÃ§Ä± tam bir DramaydÄ± ... http://t.co/Y8mIjfzdzw"
611206081164013568,2015-06-17 16:17:40,Erciyesspor formasÄ± altÄ±nda attÄ±ÄŸÄ±m ilk gol Sivasspor'a karÅŸÄ± belkide attÄ±ÄŸÄ±m en gÃ¼zel gollerden biriydi . #23 http://t.co/HaP31B9ZO8
610834180080074752,2015-06-16 15:39:51,"Ã‡alÄ±ÅŸmaya devam ediyoruz celal.basoglu.7 ğŸ‘Š Son 4 antreman , tempo artÄ±yor âœŒï¸ğŸ’ª @ AcÄ±badem Sports https://t.co/tiGGnOMH0q"
610160306589970433,2015-06-14 19:02:07,Arkamda beni gururla izleyen insanlarÄ±n olduÄŸunu gÃ¶rmek bugÃ¼n de beni Ã§ok sevindirdi .. ÃœstÃ¼mde bÃ¼yÃ¼kâ€¦ https://t.co/euGW189FSJ
609093843267559424,2015-06-11 20:24:23,#Erciyesspor https://t.co/9ssOzZ635F
609006425390624768,2015-06-11 14:37:01,celal.basoglu.7 hocamla Ã§alÄ±ÅŸmaya baÅŸladÄ±k . âš½ï¸ğŸ’ªğŸ‘ŠğŸ”œ daha iyi olmak iÃ§in daha fazla Ã§alÄ±ÅŸmakâ€¦ https://t.co/Zp6hNDoPzF
608893779475615744,2015-06-11 07:09:24,"RT @footbaLLove: Beslenme uzmanÄ± Dr. G. Poser: Messi bu sezon baÅŸÄ±nda iÅŸlenmiÅŸ gÄ±dalarÄ± bÄ±raktÄ±. Bol lifli, tahÄ±llÄ± yiyeceklerle bol balÄ±k â€¦"
608365992041938945,2015-06-09 20:12:10,"RT @TvGaziantepspor: 2014 HazÄ±rlÄ±k KampÄ±, OÄŸulcan Ã‡aÄŸlayan: http://t.co/lpCgu5aa74"
606853638548561922,2015-06-05 16:02:36,RT @SporVine: OÄŸulcan Ã‡aÄŸlayan'Ä±n (@CglynOgulcan) U19 ÅŸampiyonasÄ±nda TÃ¼rkiye adÄ±na attÄ±ÄŸÄ± muhteÅŸem gol https://t.co/Fxje3X5y4X
605132660885856258,2015-05-31 22:04:03,Bazen bir ÅŸeylerin doÄŸru gitmeyeceÄŸi zamanlar olur ve onlar doÄŸru gitmezler . Kendine her zaman inanacaksÄ±n . http://t.co/eCIQ3z2o6I
604658413512048640,2015-05-30 14:39:34,"Ä°yi bir karakter ,sÄ±radÄ±ÅŸÄ± yetenekten daha fazla Ã¶vgÃ¼ye deÄŸerdir . Bir cok yetenek , bir dereceyeâ€¦ https://t.co/dPieiWeX1S"
603945072929935360,2015-05-28 15:25:00,Biz hazÄ±rÄ±z . YarÄ±n mÃ¼cadeleye baÅŸlÄ±yoruz . TR saati ile 13:00 da Portekiz ile karÅŸÄ±laÅŸÄ±yoruz . Avrupa ÅampiyonasÄ± http://t.co/5PnxYe8jDa
603916756269273088,2015-05-28 13:32:29,RT @MilliTakimlar: U19 Milliler yarÄ±n Portekiz ile karÅŸÄ±lacak: http://t.co/2NOhrx9ISC
603122175390932994,2015-05-26 08:55:06,U-19 Avrupa ÅampiyonasÄ± KampÄ±mÄ±z Rivada BaÅŸladÄ± . YarÄ±n GÃ¼rcistan'a gidiyoruz . Keyifler yerinde :) http://t.co/Felpn7rB27
602402430807080960,2015-05-24 09:15:06,Lig bitti benim iÃ§in . Åimdi Avrupa ÅampiyonasÄ±na Konsantre OlacaÄŸÄ±z . Ve pas vermemiz gereken yerde pas vereceÄŸiz :) http://t.co/uDYhVv4Irj
601428033434685440,2015-05-21 16:43:11,U-19 Avrupa ÅampiyonasÄ± BaÅŸlÄ±yor . Beklentileri karÅŸÄ±layacak gÃ¼Ã§teyiz . Bizi takip edin ve inanÄ±n . BaÅŸlÄ±yoruz :) http://t.co/mJJBsZoWeN
598821467007131648,2015-05-14 12:05:37,:) http://t.co/HBgZ8nH10N
598632752313950208,2015-05-13 23:35:44,"Ã‡ok iyi mÃ¼cadele , sayÄ±sÄ±z gol fÄ±rsatÄ± , 2 tane direkten dÃ¶nen poziyon , nizami golÃ¼mÃ¼zÃ¼n gÃ¼me gitmesi . Bravo takÄ±m http://t.co/QC7ZQhjU2Y"
598589301073518593,2015-05-13 20:43:05,"AyaklarÄ±mÄ±za , yÃ¼reÄŸimize saÄŸlÄ±k . DÃ¼ÅŸersekte onurumuzla , serefimizle dÃ¼ÅŸeceÄŸiz . TakÄ±m arkadaÅŸlarÄ±mÄ± , tÃ¼m ekibi kutluyorum ..."
596965461037809664,2015-05-09 09:10:31,"Her ÅŸey yolunda giderse , Asla bÃ¼yÃ¼k bir karakter olamazsÄ±nÄ±z . http://t.co/InArkgcegK"
595600247558152192,2015-05-05 14:45:39,"UÃ§mak istediÄŸini kimseye sÃ¶yleme , yoksa dÃ¼ÅŸÃ¼rmeye Ã§alÄ±ÅŸÄ±rlar . http://t.co/Q1PIMAQLS2"
588043185403908098,2015-04-14 18:16:35,"RT @TMtr_news: SÃ¼per Ligin en skorcu U21 oyuncular. Ä°lk sÄ±ralarda @irfankahveci , @OzanT17 ve @CglynOgulcan yer alÄ±yor.
Ä°statistik:
http://â€¦"
530688290345996288,2014-11-07 11:48:42,"RT @LigTV: Gaziantepspor'un genÃ§ yÄ±ldÄ±zÄ± OÄŸulcan, Ekim ayÄ±nÄ±n en gÃ¼zel gollerinden birine imza attÄ±. https://t.co/rwznevBMTV"
525604426288222208,2014-10-24 11:07:15,Ä°ÅŸte Antep'in Zlatan'Ä±! - http://t.co/bp5UOOiCAM http://t.co/iHqfIU6z5u TeÅŸekkÃ¼rler @TutkumuzFutboll ekibi :)
522446757310242818,2014-10-15 17:59:48,"TeÅŸekkÃ¼r ederim , dÃ¼ÅŸÃ¼nceleriniz ve yaklaÅŸÄ±mÄ±nÄ±z iÃ§in @okay_karacan @BurcuKapu @P_Bekbolet"
518431559666655233,2014-10-04 16:04:50,RT @Turkishsports: OÄŸulcan Ã‡aÄŸlayan'Ä±n son saniye golÃ¼! https://t.co/SGzcrLqXtf
518313490558513152,2014-10-04 08:15:40,"RT @TvGaziantepspor: OÄŸulcan Ã‡aÄŸlayan, U19 Milli TakÄ±mÄ± Avrupa ÅampiyonasÄ± I. Eleme Turu aday kadrosuna davet edildi. http://t.co/YURq26Ugc8"
511597849105416192,2014-09-15 19:30:06,RT @Gaziantepsporfn: GENÃ‡ GOLCÃœ GAZÄ°ANTEPSPOR'UN TARÄ°HÄ°NE GEÃ‡TÄ°. http://t.co/K4oG5GlQd1
511296658953760768,2014-09-14 23:33:17,"Destek olan , mesaj atan herkese teÅŸekkÃ¼r ederim :) Saat 7:00 da Moldovyaya ucuyorum , U-19 milli takÄ±mÄ±yla . :) http://t.co/Th9ChBPrNz"
511296610530525184,2014-09-14 23:33:06,YÄ±llarca hayalini kurduÄŸum gol ! SÃ¼per ligde attÄ±gÄ±m ilk kafa golÃ¼ :) http://t.co/pcLNBonOaD
510349078346358784,2014-09-12 08:47:56,"RT @TvGaziantepspor: U19 Milli TakÄ±mÄ±n, 16 EylÃ¼l'de Moldova ile oynayacaÄŸÄ± hazÄ±rlÄ±k maÃ§Ä±nÄ±n aday kadrosuna OÄŸulcan Ã‡aÄŸlayan davet edildi. hâ€¦"
506506999165890561,2014-09-01 18:20:53,http://t.co/FysIGMEo8V
506506334658125824,2014-09-01 18:18:15,Sivasspor maÃ§Ä±ndan bir kare ! http://t.co/HMfOWZRD6p
506174518076133376,2014-08-31 20:19:44,1-0 geriden gelip 2-1 kazanmak bÃ¼yÃ¼k baÅŸarÄ± ! Bravo TakÄ±m . GaziÅehirden gelen taraftarlarÄ±mÄ±za TeÅŸekkÃ¼r Ederiz ! http://t.co/SXOKlyl84w
506158720372703232,2014-08-31 19:16:57,RT @GaziantepsporSK: OÄŸulcan Ã‡aÄŸlayan: Sadece Futbolun konuÅŸulduÄŸu bir sezon olmasÄ±nÄ± diliyorum... http://t.co/Qnrx1v14rc
501132220275630080,2014-08-17 22:23:26,"RT @GaziantepsporSK: HAZIRLIK MAÃ‡I: Gaziantepspor 2-2 Kayserispor

Gaziantepspor Profesyonel Futbol A TakÄ±mÄ±, yeni sezon... http://t.co/zv0â€¦"
501099645364604928,2014-08-17 20:14:00,"Kamp Ã¶ncesi koyduÄŸum hedefi gerceklestirdim . SÄ±rada baÅŸka hedefler . GÃ¶rev tamamlandÄ± . 5 maÃ§ 4 gol ... Laci , Eskisehir , Rize , Kayseri"
500610523772514304,2014-08-16 11:50:24,Bu sezon forma numaram :) http://t.co/kPKrrkcd8e
500603811988508673,2014-08-16 11:23:44,RT @TransferMerkez: RÃ–PORTAJ | Gaziantepspor'un genÃ§ golcÃ¼sÃ¼ OÄULCAN Ã‡AÄLAYAN ile @arslan_oguzhan yaptÄ±ÄŸÄ± rÃ¶partaj http://t.co/jZmYqJuQOi hâ€¦
500180219102523393,2014-08-15 07:20:31,"HazÄ±rlÄ±k maÃ§larÄ± bizleri yanÄ±ltmamalÄ± , daha Ã§ok Ã§alÄ±ÅŸmalÄ± ve istemeliyiz . Ama keyfimiz yerinde :) 4 maÃ§ 4 galibiyet http://t.co/MtM4IFZDLW"
499218614579638272,2014-08-12 15:39:27,RT @TvGaziantepspor: Gaziantepspor 1 - 0 Rizespor (GOL: OÄŸulcan Ã‡aÄŸlayan) -  http://t.co/fSDlrfAfHT
499206524695478273,2014-08-12 14:51:24,RT @TvGaziantepspor: OÄŸulcan Ã‡aÄŸlayan http://t.co/lqPJo38OVp
499193334913847296,2014-08-12 13:59:00,RT @GaziantepsporSK: Ã‡aykur Rizespor karÅŸÄ±sÄ±nda ekibimizin tek golÃ¼nÃ¼ OÄŸulcan Ã‡aÄŸlayan attÄ±. http://t.co/OoEvT51nik http://t.co/tKGMTdeE5J
498557066626490368,2014-08-10 19:50:42,"RT @TvGaziantepspor: 2 hazÄ±rlÄ±k maÃ§Ä±, 2 gol: OÄŸulcan Ã‡aÄŸlayan http://t.co/VZDqeBSsBo"
498556516451233792,2014-08-10 19:48:30,RT @GaziantepsporSK: SÃ¼per Lig takÄ±mlarÄ±ndan EskiÅŸehirsporâ€™u 2-1 maÄŸlup etti. Ekibimizin gollerini Muhammet Demir ve OÄŸulcan Ã‡aÄŸlayan attÄ±.
497498569616928769,2014-08-07 21:44:36,"RT @GaziantepsporSK: Ekibimizin gollerini Muhammet Demir, John Chibuike ve OÄŸulcan Ã‡aÄŸlayan attÄ±. http://t.co/OoEvT51nik"
497498455225663488,2014-08-07 21:44:09,RT @Gaziantepsporfn: FOTO | HazÄ±rlÄ±k MaÃ§Ä±nda kenarda oturan ve 2.yari da oyuna girip gol atan OÄŸulcan... http://t.co/e2ayK7bcLo
481406425848373248,2014-06-24 12:00:10,Ä°stanbul Acibadem Sporcu Merkezin de Sezon Ã–ncesi Ã‡alÄ±smalara BaÅŸladÄ±m . Ä°nanÄ±lmaz bir tesise sahipler ... http://t.co/D2fd4ol7Tf
475021277099720705,2014-06-06 21:07:52,"Muhahmmed Demir Abime Mutluluklar Diliyorum . HerÅŸey Ã§ok gÃ¼zel olur inÅŸallah ikisi adÄ±na . Evli , Mutlu bir adam :) http://t.co/MIhfL0UHcj"
472510381592969216,2014-05-30 22:50:28,#Turkey #National #Team #Number9 #Win #Ireland http://t.co/5n4mEknIrg
472503128357896193,2014-05-30 22:21:39,RT @DErdogan_: Ä°rlanda'da bizim ğŸ‘ğŸ˜ zafer pozu http://t.co/9DEt5sWGND
470566285156581376,2014-05-25 14:05:19,"RT @evrengoz: U19 Milli Takim Teknik Direktoru Vedat Inceefe ve @CglynOgulcan, @Tantalyali48 ile @MDemirci80 NTV Spor'a konustu. http://t.câ€¦"
468504323781980160,2014-05-19 21:31:49,"Futbol da hep yarÄ±n olduÄŸunun bir kanÄ±dÄ± , geÃ§en sene VakÄ±fkÃ¶y bu sene farklÄ± forma altÄ±nda AtatÃ¼rk StadÄ± . SaygÄ±lar http://t.co/HMTV6dltht"
457134297301151744,2014-04-18 12:31:24,"RT @GaziantepsporSK: U19 Milli TakÄ±mÄ±mÄ±zÄ±n, 23 Nisan 2014 tarihinde Macaristan U19 Milli TakÄ±mÄ± ile deplasmanda oynayacaÄŸÄ± Ã¶zel maÃ§Ä±n... htâ€¦"
442718088799481856,2014-03-09 17:46:32,RT @GaziantepsporSK: OÄULCAN Ã‡AÄLAYAN: Sahada elimden geleni yapmaya Ã§alÄ±ÅŸtÄ±m; http://t.co/OoEvT51nik
441276308564475904,2014-03-05 18:17:25,#Gaziantepspor #Gaziantep http://t.co/ps3kgFlbaG
438308912476192768,2014-02-25 13:46:02,:) http://t.co/3NgKFNquPw
434652219745771520,2014-02-15 11:35:39,"RT @TvGaziantepspor: OÄŸulcan Ã‡aÄŸlayan: ""Sonraki maÃ§lar daha Ã¶nemli oldu. Mart ve Nisan ayÄ±nda rahat etmek istiyorsak Ã¶nÃ¼mÃ¼zdeki 2-3 maÃ§Ä± kaâ€¦"
434652204965064705,2014-02-15 11:35:35,"RT @TvGaziantepspor: OÄŸulcan Ã‡aÄŸlayan: ""KaybettiÄŸimiz iÃ§in Ã¼zÃ¼lme vaktimiz yok. Biz de kazanmak iÃ§in yetenek var. Bunu Rize maÃ§Ä±nda aÃ§Ä±ÄŸa Ã§â€¦"
433355435316625408,2014-02-11 21:42:41,"RT @TvGaziantepspor: OÄŸulcan: ""OynadÄ±ÄŸÄ±m sÃ¼re iÃ§erisinde takÄ±ma katkÄ± saÄŸlamaya Ã§alÄ±ÅŸacaÄŸÄ±m. TakÄ±mÄ±n kazanmasÄ± lazÄ±m Ã§Ã¼nkÃ¼. Futbol bireyselâ€¦"
420860642330177536,2014-01-08 10:12:51,http://t.co/nXbvZPCkBW
410362300076662784,2013-12-10 10:56:11,#Lionel #Messi #LucaCaÄ±olÄ± #Barcelona TeÅŸekkÃ¼rler @MARTI_YAYINLARI sÄ±rada C.Ronaldo http://t.co/IZVqp92i13
404938052554211328,2013-11-25 11:42:09,http://t.co/1UkS7r5yyT
399434239781122048,2013-11-10 07:11:58,"Senin Ã§ocuklarÄ±nÄ±z ve bizlere gÃ¶sterdiÄŸin yolda alnÄ±mÄ±z ak , baÅŸÄ±mÄ±z dik yÃ¼rÃ¼yoruz ! #10KASIM #MustafaKemalATATÃœRK http://t.co/yB5x468BIH"
381728999984345088,2013-09-22 10:37:40,http://t.co/PwtkzWO0UD ( TesekkÃ¼r ederim @BSAkademi ailesi ) Cok gÃ¼zel bir yazÄ± ...
377033288818626561,2013-09-09 11:38:35,"http://t.co/D9y9y5MZKf - Ä°nsan gÃ¶rÃ¼nÃ¼ÅŸÃ¼yle karÅŸÄ±lanÄ±r , kiÅŸiliÄŸiyle uÄŸurlanÄ±r - Ä°yi GÃ¼nler"
375999695606517760,2013-09-06 15:11:27,"Bursasporlu abilerime ,  kardeslerime tesekkÃ¼rÃ¼ borc bilirim. HocalarÄ±mdan allah razÄ± olsun . TesekkÃ¼rler BURSASPOR http://t.co/vKSOeaQuwd"
371028275113787392,2013-08-23 21:56:48,Hedeflerimin zirvesi ! Bir gÃ¼n ; http://t.co/tosZLjkIqq
368333486815342592,2013-08-16 11:28:41,;) http://t.co/sAbDmmOMpi
367914815005917184,2013-08-15 07:45:02,RT @tribundergi: GolcÃ¼ Olacak Ã‡ocuk / OÄŸulcan Ã‡aÄŸlayan - Bursaspor Akademi http://t.co/r9M9CjnAyB
353791865323143168,2013-07-07 08:25:28,Yetenek sporcuyu sohret yapar karekter Ä±se efsane .
351050880939859968,2013-06-29 18:53:46,RT @EKoncak: Bursaspor BaÅŸkadÄ±r...: BaÅŸarÄ±lar Adam... http://t.co/ORntBWNBTa
346711078698360832,2013-06-17 19:28:57,Antreman http://t.co/UQUqUAqipd
344128548543541248,2013-06-10 16:26:54,"Antremanlar baÅŸladÄ± , mutlu , huzurlu , basarÄ±larla dolu bir sezon olur , Ä°nsallah . http://t.co/f7dIu0HzR6"
338352926089162752,2013-05-25 17:56:38,"TekrarÄ± yarÄ±n insallah , Ä°yi Aksamlar ... http://t.co/5gfTJO8mcF"
338177108939505665,2013-05-25 06:18:00,Son 80 dakika kaldÄ± ! BugÃ¼n dinleniyoruz yarÄ±n sonuna kadar mÃ¼cadele ! GÃ¼naydÄ±n http://t.co/btlHQnUOgJ
336179061120442368,2013-05-19 17:58:28,RT @BSAkademi: GeÃ§en sene oyuncumuz OÄŸulcan Ã‡aÄŸlayan'Ä±n gol kralÄ± olduÄŸu Viktor Bannikov TurnuvasÄ±nda bu sezon bir diÄŸer oyuncumuz Enes Ãœnaâ€¦
335435493531590657,2013-05-17 16:43:48,AMK Spor Gazetesinde GeÃ§tiÄŸimiz Aylarda Benim HakkÄ±mda YazÄ±lan YazÄ± ... http://t.co/2yqM0R5Zst
330234425445072896,2013-05-03 08:16:37,@keslertan kral ! :) http://t.co/fX0U1rCVEQ
329340416568721408,2013-04-30 21:04:09,' 16 ' Ä°NGÄ°LTERE MAÃ‡I ... http://t.co/isBs58Ab1w
328966690723491842,2013-04-29 20:19:05,U-18 FA Cup Final maÃ§Ä± ! Son Rt herseyi ifade ediyor bence ...
328966033786404865,2013-04-29 20:16:29,"RT @PremierTurkiye: U18 FA Cup finalin ilk maÃ§Ä± Carrow Road'da. Biletli izleyici sayÄ±sÄ± 21,995 (YÄ°RMÄ°BÄ°R BÄ°N DOKUZYÃœZ DOKSANBEÅ)"
325168900939599872,2013-04-19 08:48:01,http://t.co/IoGEZHftow Gecen sezon attÄ±ÄŸÄ±m gollerin bir kÄ±smÄ± ...
322775270107004928,2013-04-12 18:16:36,(2) http://t.co/2Kz0FQxxqL
318636528484093952,2013-04-01 08:10:43,"Ä°ki farklÄ± duygunun , fotograf karesÄ±ne yansÄ±masÄ± ... http://t.co/iw1RaSFd5T"
317326689749303297,2013-03-28 17:25:53,Hersey senÄ±n iÃ§in ! http://t.co/e6yGkR1LF1
317302502045384705,2013-03-28 15:49:46,Marifet tÃ¼m gÃ¶zler senin Ã¼zerinde iken neler yaptÄ±ÄŸÄ±ndÄ±r ..! http://t.co/zcdP0yiSJl
314786708245860352,2013-03-21 17:12:54,A TAKIM http://t.co/CnGp9PW77R
314468662650236930,2013-03-20 20:09:06,"Drogba elestiriliyorsa , bizi elestiren hocalarimiza kapris yapma luksumuz yok , olamaz . Futbol gelisim oyunudur . Calismak , calismak ..."
313317350076211200,2013-03-17 15:54:12,- Ozan Demir - http://t.co/xBzpuIoXpw
313265384872620032,2013-03-17 12:27:42,3 Gol 2 Asist ! Korkma YÄ±kamazlar ... http://t.co/fJfl1O9NNz
310101720405524480,2013-03-08 18:56:26,Romania :) http://t.co/umeHO3gWlD
309633919022673921,2013-03-07 11:57:33,http://t.co/IQYOjBvemC
309631473823141888,2013-03-07 11:47:50,Bir Pozisyon ... http://t.co/U7n748GuVm
307455974065729536,2013-03-01 11:43:11,"RT @BursasporSk: Oyuncumuz OÄŸulcan Ã‡AÄLAYAN,bugÃ¼n attÄ±ÄŸÄ± gol ile birlikte bu sezon 3farklÄ± ligde (U17,U18,A2) gol atma baÅŸarÄ±sÄ± gÃ¶sterdi ..."
305375403172827136,2013-02-23 17:55:44,Her zaman yanimda olan biricik Annem :) Sevdigim birinci kadin :) http://t.co/FXX1CtGbT7
305349967965466624,2013-02-23 16:14:40,@ZenginEgemen ile beraber Ä°ngitere maÃ§Ä± takÄ±m fotografÄ± http://t.co/ykb1PngmV0
305348282270511104,2013-02-23 16:07:58,Viktor Bannikov TurnuvasÄ± Cek Cumhuriyeti MacÄ± SeremonÄ± http://t.co/sYnkCNXoz8
305348056293982211,2013-02-23 16:07:04,Ukrayna Viktor Bannikov TurnuvasÄ± Slovakya MacÄ± Seremoni http://t.co/CHhV41UGs8
305009156354625536,2013-02-22 17:40:24,MourÄ±nho !! http://t.co/nV1Ggnr5gq
305009049852850180,2013-02-22 17:39:59,Drogba'nÄ±n BabasÄ± http://t.co/ajbrnvD4ns
305009044891000832,2013-02-22 17:39:57,Drogba'nÄ±n annesi http://t.co/1oVPfUxUFe
305008980298711043,2013-02-22 17:39:42,BÃœYÃœK Ä°DOL ' DÄ°DÄ°ER DROGBA ' HERKES BU ADAM Ä°Ã‡Ä°N YAPILAN BELGESELÄ° Ä°ZLEMELÄ° BÄ°R YILDIZ'DAN Ã‡OK DAHA FAZLASI http://t.co/NOzyfqQHvv
304976270767292416,2013-02-22 15:29:44,Azerbaycan Caspian Cup Japonya MaÃ§Ä± http://t.co/ezJTJcISzf
